Geo Point,Geo Shape,SCHULSTAND,SCHULTYP,NAME,VORNAME_K,NACHNAME_K,FUNKTION,WEBSEITE,STRASSE,HAUSNUMMER,PLZ,ORTSCHAFT,TELEFON,FAX,WWW_LINK,EMAIL,PDF_REPORT,GEOMETRIE,lat,long,q_rating,w_rating,v_rating,OBJID,ID_SCHULE,VORNAME_1,NACHNAME_1,FUNKTION_1,TELEFON_1,EMAIL_1,VORNAME_2,NACHNAME_2,FUNKTION_2,TELEFON_2,EMAIL_2,risk,risk_alpha
"47.5614715305,7.56168861292","{""type"": ""Point"", ""coordinates"": [7.561688612919879, 47.56147153047235]}",Wasgenring,Sekundarschule,Wasgenring Süd,,,Schulleitung,,Welschmattstrasse,30,4055,Basel,+41 61 385 90 20,+41 61 385 90 25,http://www.sek-wasgenring.ch,sek.wasgenring@bs.ch,Bauprojekt_Schulraum_616.pdf,2609262.082000/1267869.437000,47.5614715305,7.56168861292,0.0,0.0,0,,,,,,,,,,,,,0.0,0.0
"47.5473240549,7.60329840302","{""type"": ""Point"", ""coordinates"": [7.603298403017194, 47.547324054852865]}",Sevogel,Kindergarten,Andreas Heusler-Strasse 41,,,Kindergarten,,Andreas Heusler-Strasse,41,4052,Basel,+41 61 311 39 93,,,,,2612396.931000/1266302.110000,47.5473240549,7.60329840302,0.0,0.0,0,,,,,,,,,,,,,0.0,0.0
"47.5669969195,7.62431048984","{""type"": ""Point"", ""coordinates"": [7.624310489835669, 47.566996919499374]}",Hirzbrunnen,Primarschule,Hirzbrunnen,,,Sekretariat,,Zu den drei Linden,70,4058,Basel,+41 61 208 57 50,,http://schulen.edubs.ch/ps/hirzbrunnen,ps.hirzbrunnen@bs.ch,Bauprojekt_Schulraum_657.pdf,2613973.573000/1268493.020000,47.5669969195,7.62431048984,0.0,0.0,0,,,,,,,,,,,,,0.0,0.0
"47.569016228,7.60047314174","{""type"": ""Point"", ""coordinates"": [7.60047314173752, 47.56901622797366]}",Erlenmatt,Primarschule,Erlenmatt,,,Sekretariat,,Erlenmattstrasse,6,4058,Basel,+41 61 208 60 30,,http://schulen.edubs.ch/ps/erlenmatt/kontakt-1,ps.erlenmatt@bs.ch,Bauprojekt_Schulraum_6624.pdf,2612179.295000/1268713.591000,47.569016228,7.60047314174,0.0,0.0,0,,,,,,,,,,,,,0.0,0.0
"47.5672567761,7.62661330049","{""type"": ""Point"", ""coordinates"": [7.626613300491354, 47.56725677613699]}",Bäumlihof,Sekundarschule,Sek Bäumlihof,,,Sekretariat,,Zu den drei Linden,80,4058,Basel,+41 61 208 58 50,+41 61 208 58 58,http://www.sek-baeumlihof.ch,sek.baeumlihof@bs.ch,Bauprojekt_Schulraum_3971.pdf,2614146.796000/1268522.324000,47.5672567761,7.62661330049,0.0,0.0,0,,,,,,,,,,,,,0.0,0.0
"47.556682771,7.59062523145","{""type"": ""Point"", ""coordinates"": [7.59062523144508, 47.556682771038396]}",Peter,Primarschule,Münster Primar,,,Sekretariat,,Münsterplatz,18,4051,Basel,+41 61 267 81 90,,http://schulen.edubs.ch/ps/peter,ps.muensterplatz@bs.ch,Bauprojekt_Schulraum_633.pdf,2611440.886000/1267340.775000,47.556682771,7.59062523145,0.0,0.0,0,,,,,,,,,,,,,0.0,0.0
"47.572069688,7.59919018582","{""type"": ""Point"", ""coordinates"": [7.599190185820103, 47.57206968802079]}",Erlenmatt,Kindergarten,Tangentenweg 50,,,Kindergarten,,Tangentenweg,50,4057,Basel,,,http://schulen.edubs.ch/ps/erlenmatt/kindergarten/tangentenweg,seda.kasan@edubs.ch,,2612082.062000/1269052.905000,47.572069688,7.59919018582,0.0,0.0,0,,,,,,,,,,,,,0.0,0.0
"47.54936836,7.6141512581","{""type"": ""Point"", ""coordinates"": [7.614151258104832, 47.54936836001918]}",Gellert,Primarschule,Gellert,,,Sekretariat,,Emanuel Büchel-Strasse,45,4052,Basel,+41 61 317 95 70,+41 61 317 95 75,http://schulen.edubs.ch/ps/gellert,ps.gellert@bs.ch,Bauprojekt_Schulraum_4082.pdf,2613213.431000/1266531.175000,47.54936836,7.6141512581,0.0,0.0,0,,,,,,,,,,,,,0.0,0.0
"47.5428356752,7.58204767323","{""type"": ""Point"", ""coordinates"": [7.582047673231349, 47.54283567515757]}",Margarethen,Kindergarten,Gundeldingerstrasse 2,,,Kindergarten,,Gundeldingerstrasse,2,4053,Basel,+41 61 271 73 66,,,,,2610798.076000/1265799.932000,47.5428356752,7.58204767323,0.0,0.0,0,,,,,,,,,,,,,0.0,0.0
"47.5608686852,7.59685622667","{""type"": ""Point"", ""coordinates"": [7.596856226665032, 47.56086868520316]}",Theodor,Primarschule,Thomas Platter,,,Sekretariat,,Claragraben,40,4058,Basel,+41 61 208 56 36,,http://schulen.edubs.ch/ps/theodor,ps.theodor@bs.ch,Bauprojekt_Schulraum_639.pdf,2611908.941000/1267807.123000,47.5608686852,7.59685622667,0.0,0.0,0,,,,,,,,,,,,,0.0,0.0
"47.5472752986,7.5692559539","{""type"": ""Point"", ""coordinates"": [7.569255953896938, 47.54727529863986]}",Neubad,Primarschule,Neubad & Kaltbrunnen,,,Sekretariat,,Marschalkenstrasse,120,4054,Basel,+41 61 208 51 50,,http://schulen.edubs.ch/ps/neubad,ps.neubad@bs.ch,Bauprojekt_Schulraum_618.pdf,2609834.213000/1266291.894000,47.5472752986,7.5692559539,0.0,0.0,0,,,,,,,,,,,,,0.0,0.0
"47.5395943731,7.59842697999","{""type"": ""Point"", ""coordinates"": [7.598426979985542, 47.53959437312424]}",Brunnmatt,Kindergarten,Delsbergerallee 74,,,Kindergarten,,Delsbergerallee,74,4053,Basel,+41 61 331 09 49,,,,,2612031.950000/1265441.908000,47.5395943731,7.59842697999,0.0,0.0,0,,,,,,,,,,,,,0.0,0.0
"47.5644499366,7.60723309474","{""type"": ""Point"", ""coordinates"": [7.607233094735241, 47.56444993658432]}",Vogelsang,Kindergarten,Schwarzwaldallee 161,,,Kindergarten,,Schwarzwaldallee,161,4058,Basel,+41 61 208 56 25,,,,,2612689.064000/1268206.936000,47.5644499366,7.60723309474,0.0,0.0,0,,,,,,,,,,,,,0.0,0.0
"47.5392368811,7.60030231709","{""type"": ""Point"", ""coordinates"": [7.600302317094337, 47.53923688113423]}",Brunnmatt,Kindergarten,Arlesheimerstrasse 8,,,Kindergarten,,Arlesheimerstrasse,8,4053,Basel,+41 61 331 19 85,,,,,2612173.228000/1265402.447000,47.5392368811,7.60030231709,0.0,0.0,0,,,,,,,,,,,,,0.0,0.0
"47.5808483315,7.59044859734","{""type"": ""Point"", ""coordinates"": [7.590448597342714, 47.58084833154457]}",Kleinhüningen,Kindergarten,Giessliweg 61,,,Kindergarten,,Giessliweg,61,4057,Basel,+41 61 631 54 64,,,,,2611422.421000/1270027.694000,47.5808483315,7.59044859734,0.0,0.0,0,,,,,,,,,,,,,0.0,0.0
"47.5786985303,7.58936863379","{""type"": ""Point"", ""coordinates"": [7.589368633786232, 47.578698530317936]}",Insel,Kindergarten,Rastatterstrasse 32,,,Sekretariat,,Rastatterstrasse,32,4057,Basel,+41 61 639 93 00,,,,,2611341.629000/1269788.503000,47.5786985303,7.58936863379,0.0,0.0,0,,,,,,,,,,,,,0.0,0.0
"47.578889113,7.59140868615","{""type"": ""Point"", ""coordinates"": [7.59140868615305, 47.57888911302623]}",Insel,Kindergarten,Kleinhüningerstrasse 152,,,Kindergarten,,Kleinhüningerstrasse,152,4057,Basel,+41 61 631 05 34,,,,,2611495.073000/1269809.989000,47.578889113,7.59140868615,0.0,0.0,0,,,,,,,,,,,,,0.0,0.0
"47.5767490106,7.59033163527","{""type"": ""Point"", ""coordinates"": [7.590331635270836, 47.57674901059624]}",Insel,Kindergarten,Inselstrasse 66,,,Kindergarten,,Inselstrasse,66,4057,Basel,+41 61 631 01 55,,,,,2611414.498000/1269571.876000,47.5767490106,7.59033163527,0.0,0.0,0,,,,,,,,,,,,,0.0,0.0
"47.5642569087,7.60812269633","{""type"": ""Point"", ""coordinates"": [7.608122696333403, 47.56425690868818]}",Sandgruben,Sekundarschule,Sandgruben,,,Sekretariat,,Schwarzwaldallee,161,4058,Basel,+41 61 208 56 00,,http://www.sek-sandgruben.ch,sek.sandgruben@bs.ch,Bauprojekt_Schulraum_671.pdf,2612756.058000/1268185.617000,47.5642569087,7.60812269633,0.0,0.0,0,,,,,,,,,,,,,0.0,0.0
"47.5684471966,7.62662727718","{""type"": ""Point"", ""coordinates"": [7.626627277183642, 47.568447196612226]}",Drei Linden,Sekundarschule,Sekundarschule Drei Linden,,,Sekretariat,,Zu den drei Linden,90,4058,Basel,+41 61 606 33 60,+41 61 606 33 55,http://www.sek-dreilinden.ch,sek.dreilinden@bs.ch,Bauprojekt_Schulraum_655.pdf,2614147.532000/1268654.688000,47.5684471966,7.62662727718,0.0,0.0,0,,,,,,,,,,,,,0.0,0.0
"47.5626761894,7.56126482884","{""type"": ""Point"", ""coordinates"": [7.561264828835532, 47.56267618937754]}",Wasgenring,Primarschule,Wasgenring Nord,,,Schulleitung,,Welschmattstrasse,30,4055,Basel,+41 61 385 90 43,+41 61 385 90 45,http://schulen.edubs.ch/ps/wasgenring,ps.wasgenring@bs.ch,Bauprojekt_Schulraum_667.pdf,2609229.980000/1268003.332000,47.5626761894,7.56126482884,0.0,0.0,0,,,,,,,,,,,,,0.0,0.0
"47.5617178464,7.59833227693","{""type"": ""Point"", ""coordinates"": [7.598332276930456, 47.56171784641503]}",Theodor,Kindergarten,Riehenstrasse 43,,,Kindergarten,,Riehenstrasse,43,4058,Basel,,,,,,2612019.839000/1267901.764000,47.5617178464,7.59833227693,0.0,0.0,0,,,,,,,,,,,,,0.0,0.0
"47.5640590227,7.62085567115","{""type"": ""Point"", ""coordinates"": [7.620855671152436, 47.564059022652785]}",Hirzbrunnen,Kindergarten,Wittlingerstrasse 176,,,Kindergarten,,Wittlingerstrasse,176,4058,Basel,+41 61 601 43 14,,http://schulen.edubs.ch/ps/hirzbrunnen/kindergaerten,,,2613714.345000/1268165.752000,47.5640590227,7.62085567115,0.0,0.0,0,,,,,,,,,,,,,0.0,0.0
"47.5533330153,7.56248157488","{""type"": ""Point"", ""coordinates"": [7.562481574882833, 47.55333301526893]}",Gotthelf,Kindergarten,Im langen Loh 101,,,Kindergarten,,Im langen Loh,101,4054,Basel,+41 61 302 98 59,,,,,2609323.179000/1266964.620000,47.5533330153,7.56248157488,0.0,0.1,0,,,,,,,,,,,,,0.1,0.014803849000740193
"47.5448171876,7.58745354847","{""type"": ""Point"", ""coordinates"": [7.587453548473217, 47.54481718763838]}",Margarethen,Kindergarten,Gempenstrasse 25,,,Kindergarten,,Gempenstrasse,25,4053,Basel,+41 61 361 13 37,,,,,2611204.651000/1266021.006000,47.5448171876,7.58745354847,0.0,0.1,0,,,,,,,,,,,,,0.1,0.014803849000740193
"47.543758649,7.5861009756","{""type"": ""Point"", ""coordinates"": [7.586100975598933, 47.543758649028696]}",Margarethen,Kindergarten,Gempenstrasse 48,,,Kindergarten,,Gempenstrasse,48,4053,Basel,+41 61 208 54 11,,,,,2611103.044000/1265903.118000,47.543758649,7.5861009756,0.0,0.1,0,,,,,,,,,,,,,0.1,0.014803849000740193
"47.5393942295,7.59266175133","{""type"": ""Point"", ""coordinates"": [7.592661751334317, 47.53939422946797]}",Brunnmatt,Primarschule,Brunnmatt,,,Sekretariat,,Ingelsteinweg,6,4053,Basel,+41 61 208 50 20,+41 61 264 80 77,http://schulen.edubs.ch/ps/brunnmatt,ps.brunnmatt@bs.ch,Bauprojekt_Schulraum_620.pdf,2611597.922000/1265418.791000,47.5393942295,7.59266175133,0.0,0.1,0,,,,,,,,,,,,,0.1,0.014803849000740193
"47.5701806427,7.59423815943","{""type"": ""Point"", ""coordinates"": [7.59423815942777, 47.57018064271006]}",Dreirosen,Kindergarten,Markgräflerstrasse 49,,,Kindergarten,,Markgräflerstrasse,49,4057,Basel,+41 61 691 39 20,,,,,2611709.860000/1268842.117000,47.5701806427,7.59423815943,0.0,0.1,0,,,,,,,,,,,,,0.1,0.014803849000740193
"47.53155432,7.59602092837","{""type"": ""Point"", ""coordinates"": [7.596020928365431, 47.531554319986654]}",Bruderholz,Primarschule,Bruderholz,,,Sekretariat,,Fritz Hauser-Strasse,20,4059,Basel,+41 61 208 50 90,+41 61 361 95 05,http://schulen.edubs.ch/ps/bruderholz,ps.bruderholz@bs.ch,Bauprojekt_Schulraum_668.pdf,2611852.579000/1264547.589000,47.53155432,7.59602092837,0.0,0.1,0,,,,,,,,,,,,,0.1,0.014803849000740193
"47.5843026463,7.59198308243","{""type"": ""Point"", ""coordinates"": [7.591983082431272, 47.58430264628842]}",Kleinhüningen,Primarschule,Kleinhüningen,,,Sekretariat,,Dorfstrasse,51,4057,Basel,+41 61 208 53 30,,http://schulen.edubs.ch/ps/kleinhueningen,ps.kleinhueningen@bs.ch,Bauprojekt_Schulraum_652.pdf,2611537.118000/1270412.001000,47.5843026463,7.59198308243,0.0,0.1,0,,,,,,,,,,,,,0.1,0.014803849000740193
"47.555089727,7.56806631999","{""type"": ""Point"", ""coordinates"": [7.568066319991726, 47.55508972695554]}",Gotthelf,Primarschule,Gottfried Keller & Gotthelf,,,Sekretariat,,Gotthelfplatz,1,4054,Basel,+41 61 208 52 00,+41 61 208 52 30,http://schulen.edubs.ch/ps/gotthelf,ps.gotthelf@bs.ch,Bauprojekt_Schulraum_615.pdf,2609743.233000/1267160.620000,47.555089727,7.56806631999,0.0,0.1,0,,,,,,,,,,,,,0.1,0.014803849000740193
"47.5606759826,7.59663980783","{""type"": ""Point"", ""coordinates"": [7.596639807829067, 47.56067598255871]}",Theodor,Kindergarten,Claragraben 40,,,Kindergarten,,Claragraben,40,4058,Basel,+41 61 208 56 40,,,,,2611892.696000/1267785.664000,47.5606759826,7.59663980783,0.0,0.1,0,,,,,,,,,,,,,0.1,0.014803849000740193
"47.5777714774,7.58880017888","{""type"": ""Point"", ""coordinates"": [7.588800178883796, 47.577771477401086]}",Insel,Primarschule,Insel,,,Sekretariat,,Inselstrasse,45,4057,Basel,+41 61 208 53 00,+41 61 208 53 01,http://secure.edubs.ch/schulen/ps/insel,ps.insel@bs.ch,Bauprojekt_Schulraum_654.pdf,2611299.057000/1269685.343000,47.5777714774,7.58880017888,0.0,0.1,0,,,,,,,,,,,,,0.1,0.014803849000740193
"47.5885832365,7.65704757256","{""type"": ""Point"", ""coordinates"": [7.657047572561458, 47.588583236483956]}",Primarstufe Hinter Gärten,Kindergarten,Hinter Gärten B,,,,,Steingrubenweg,32,4125,Riehen,,,,,,,47.5885832365,7.65704757256,0.0,0.1,0,18.0,22.0,,,,+41 79 704 89 46,,,,,,,0.1,0.014803849000740193
"47.569179171,7.56545881925","{""type"": ""Point"", ""coordinates"": [7.565458819247, 47.56917917098388]}",Isaak Iselin,Kindergarten,Gustav Wenk Strasse 42,,,Kindergarten,,Gustav Wenk Strasse,42,4055,Basel,+41 61 321 49 17,,,,,2609544.453000/1268726.890000,47.569179171,7.56545881925,0.0,0.1,0,,,,,,,,,,,,,0.1,0.014803849000740193
"47.5565960861,7.5696706901","{""type"": ""Point"", ""coordinates"": [7.569670690103572, 47.556596086117395]}",Gotthelf,Kindergarten,Allschwilerplatz 9,,,Kindergarten,,Allschwilerplatz,9,4054,Basel,+41 61 301 42 39,,,,,2609863.715000/1267328.309000,47.5565960861,7.5696706901,0.0,0.2,0,,,,,,,,,,,,,0.2,0.029607698001480387
"47.5685507236,7.57821720542","{""type"": ""Point"", ""coordinates"": [7.578217205422659, 47.56855072357489]}",Volta,Kindergarten,Ryffstrasse 22,,,Kindergarten,,Ryffstrasse,22,4056,Basel,+41 61 321 06 45,,,,,2610504.637000/1268658.633000,47.5685507236,7.57821720542,0.0,0.2,0,,,,,,,,,,,,,0.2,0.029607698001480387
"47.5647125652,7.59524362144","{""type"": ""Point"", ""coordinates"": [7.595243621437739, 47.56471256517106]}",Bläsi,Kindergarten,Hammerstrasse 87,,,Kindergarten,,Hammerstrasse,87,4057,Basel,,,,,,2611786.726000/1268234.277000,47.5647125652,7.59524362144,0.0,0.2,0,,,,,,,,,,,,,0.2,0.029607698001480387
"47.5631912319,7.61523723342","{""type"": ""Point"", ""coordinates"": [7.615237233417858, 47.563191231857644]}",Hirzbrunnen,Kindergarten,Magdenstrasse 19,,,Kindergarten,,Magdenstrasse,19,4058,Basel,+41 61 601 44 05,,http://schulen.edubs.ch/ps/hirzbrunnen/kindergaerten,,,2613291.737000/1268068.301000,47.5631912319,7.61523723342,0.0,0.2,0,,,,,,,,,,,,,0.2,0.029607698001480387
"47.5692732693,7.57749252092","{""type"": ""Point"", ""coordinates"": [7.577492520920194, 47.569273269349694]}",Volta,Kindergarten,Murbacherstrasse 27,,,Kindergarten,,Murbacherstrasse,27,4056,Basel,+41 61 322 07 70,,,,,2610449.963000/1268738.876000,47.5692732693,7.57749252092,0.0,0.2,0,,,,,,,,,,,,,0.2,0.029607698001480387
"47.5817045729,7.6464868745","{""type"": ""Point"", ""coordinates"": [7.646486874503323, 47.58170457288541]}",Primarstufe Burgstrasse,Kindergarten,Glögglihof,,,,,Im Glögglihof,11,4125,Riehen,,,,,,,47.5817045729,7.6464868745,0.0,0.2,0,9.0,9.0,,,,+41 79 704 66 07,,,,,,,0.2,0.029607698001480387
"47.5597990011,7.59520302122","{""type"": ""Point"", ""coordinates"": [7.595203021221085, 47.5597990011473]}",Theodor,Kindergarten,Rebgasse 38,,,Kindergarten,,Rebgasse,38,4058,Basel,+41 61 692 21 40,,,,,2611784.755000/1267687.938000,47.5597990011,7.59520302122,0.0,0.2,0,,,,,,,,,,,,,0.2,0.029607698001480387
"47.5442378533,7.59299829374","{""type"": ""Point"", ""coordinates"": [7.592998293738986, 47.54423785333049]}",Margarethen,Kindergarten,Zwingerstrasse 20,,,Kindergarten,,Zwingerstrasse,20,4053,Basel,+41 61 361 06 09,,,,,2611622.207000/1265957.393000,47.5442378533,7.59299829374,0.0,0.2,0,,,,,,,,,,,,,0.2,0.029607698001480387
"47.569593894,7.58683920944","{""type"": ""Point"", ""coordinates"": [7.586839209440743, 47.56959389396558]}",Theobald Baerwart,Sekundarschule,Theobald Baerwart,,,Sekretariat,,Offenburgerstrasse,1,4057,Basel,+41 61 208 53 70,,http://www.sek-theobaldbaerwart.ch,sek.theobaldbaerwart@bs.ch,Bauprojekt_Schulraum_645.pdf,2611153.227000/1268775.805000,47.569593894,7.58683920944,0.0,0.2,0,,,,,,,,,,,,,0.2,0.029607698001480387
"47.5657249025,7.5966785506","{""type"": ""Point"", ""coordinates"": [7.596678550601059, 47.565724902509444]}",Theodor,Kindergarten,Sperrstrasse  98,,,Kindergarten,,Sperrstrasse,98,4057,Basel,+41 61 692 75 77,,,,,2611894.487000/1268347.053000,47.5657249025,7.5966785506,0.0,0.2,0,,,,,,,,,,,,,0.2,0.029607698001480387
"47.5407415166,7.60101249369","{""type"": ""Point"", ""coordinates"": [7.601012493687892, 47.540741516599674]}",Thierstein,Kindergarten,Güterstrasse 300,,,Kindergarten,,Güterstrasse,300,4053,Basel,+41 61 331 15 73,,,,,2612226.354000/1265569.854000,47.5407415166,7.60101249369,0.0,0.2,0,,,,,,,,,,,,,0.2,0.029607698001480387
"47.5499960141,7.60172430465","{""type"": ""Point"", ""coordinates"": [7.601724304647444, 47.54999601407142]}",Sevogel,Kindergarten,Kapellenstrasse 14,,,Kindergarten,,Kapellenstrasse,14,4052,Basel,+41 61 312 60 25,,,,,2612277.818000/1266598.954000,47.5499960141,7.60172430465,0.0,0.2,0,,,,,,,,,,,,,0.2,0.029607698001480387
"47.5705244671,7.63402097396","{""type"": ""Point"", ""coordinates"": [7.634020973964207, 47.570524467137304]}",Primarstufe Niederholz,Kindergarten,Niederholz B,,,,,Niederholzstrasse,141,4125,Riehen,,,,,,,47.5705244671,7.63402097396,0.0,0.2,0,27.0,35.0,,,,+41 79 561 84 86,,,,,,,0.2,0.029607698001480387
"47.5656997119,7.59655858912","{""type"": ""Point"", ""coordinates"": [7.59655858911646, 47.565699711871225]}",Bläsi,Kindergarten,Sperrstrasse  98,,,Kindergarten,,Sperrstrasse,98,4057,Basel,+41 61 692 55 42,,,,,2611885.465000/1268344.234000,47.5656997119,7.59655858912,0.0,0.2,0,,,,,,,,,,,,,0.2,0.029607698001480387
"47.557539678,7.579741644","{""type"": ""Point"", ""coordinates"": [7.579741644002899, 47.557539678030025]}",Peter,Kindergarten,Socinstrasse 13,,,Kindergarten,,Socinstrasse,13,4051,Basel,+41 61 261 69 83,,http://schulen.edubs.ch/ps/peter/kindergarten,,,2610621.540000/1267434.532000,47.557539678,7.579741644,0.0,0.2,0,,,,,,,,,,,,,0.2,0.029607698001480387
"47.5351582089,7.59587644201","{""type"": ""Point"", ""coordinates"": [7.595876442012227, 47.53515820894282]}",Brunnmatt,Kindergarten,Schönenbergstrasse 24,,,Kindergarten,,Schönenbergstrasse,24,4053,Basel,+41 61 331 75 50,,,,,2611840.900000/1264948.275000,47.5351582089,7.59587644201,0.0,0.2,0,,,,,,,,,,,,,0.2,0.029607698001480387
"47.5431214816,7.58680562718","{""type"": ""Point"", ""coordinates"": [7.586805627179578, 47.54312148158034]}",Margarethen,Primarschule,Gundeldingen,,,Sekretariat,,Sempacherstrasse,60,4053,Basel,+41 61 208 54 03,,http://schulen.edubs.ch/ps/margarethen,ps.margarethen@bs.ch,Bauprojekt_Schulraum_669.pdf,2611156.227000/1265832.372000,47.5431214816,7.58680562718,0.0,0.2,0,,,,,,,,,,,,,0.2,0.029607698001480387
"47.5698668386,7.58947290136","{""type"": ""Point"", ""coordinates"": [7.58947290136267, 47.569866838567684]}",Dreirosen,Primarschule,Dreirosen,,,Sekretariat,,Breisacherstrasse,134,4057,Basel,+41 61 208 50 80,,http://schulen.edubs.ch/ps/dreirosen,ps.dreirosen@bs.ch,Bauprojekt_Schulraum_646.pdf,2611351.351000/1268806.529000,47.5698668386,7.58947290136,0.0,0.3,0,,,,,,,,,,,,,0.3,0.044411547002220574
"47.5589890149,7.58516104998","{""type"": ""Point"", ""coordinates"": [7.585161049982042, 47.558989014864466]}",Peter,Primarschule,Peters,,,Sekretariat,,Peterskirchplatz,5,4051,Basel,+41 61 208 55 85,,http://schulen.edubs.ch/ps/peter,ps.peters@bs.ch,Bauprojekt_Schulraum_636.pdf,2611029.137000/1267596.425000,47.5589890149,7.58516104998,0.0,0.3,0,,,,,,,,,,,,,0.3,0.044411547002220574
"47.5500318889,7.61494561379","{""type"": ""Point"", ""coordinates"": [7.614945613785164, 47.550031888852246]}",Gellert,Kindergarten,Gellertstrasse 110,,,Kindergarten,,Gellertstrasse,110,4052,Basel,+41 61 312 87 78,,,,,2613273.063000/1266605.085000,47.5500318889,7.61494561379,0.0,0.3,0,,,,,,,,,,,,,0.3,0.044411547002220574
"47.5493832026,7.60047592297","{""type"": ""Point"", ""coordinates"": [7.600475922967301, 47.549383202649956]}",St. Alban,Sekundarschule,St. Alban,,,Sekretariat,,Engelgasse,40,4052,Basel,+41 61 208 54 80,,http://www.sek-st-alban.ch,sek.stalban@bs.ch,Bauprojekt_Schulraum_624.pdf,2612183.984000/1266530.623000,47.5493832026,7.60047592297,0.0,0.3,0,,,,,,,,,,,,,0.3,0.044411547002220574
"47.5841473039,7.59237553453","{""type"": ""Point"", ""coordinates"": [7.592375534532086, 47.584147303905695]}",Kleinhüningen,Kindergarten,Dorfstrasse 51,,,Kindergarten,,Dorfstrasse,51,4057,Basel,+41 61 208 53 37,,,,,2611566.675000/1270394.786000,47.5841473039,7.59237553453,0.0,0.3,0,,,,,,,,,,,,,0.3,0.044411547002220574
"47.5498288302,7.59156415157","{""type"": ""Point"", ""coordinates"": [7.591564151570947, 47.54982883024361]}",De Wette,Sekundarschule,Sekundarschule De Wette,,,Sekretariat,,De Wette-Strasse,7,4051,Basel,+41 61 208 55 00,,http://www.sek-dewette.ch,sek.dewette@bs.ch,Bauprojekt_Schulraum_626.pdf,2611513.033000/1266578.833000,47.5498288302,7.59156415157,0.0,0.3,0,,,,,,,,,,,,,0.3,0.044411547002220574
"47.5720589071,7.66649137559","{""type"": ""Point"", ""coordinates"": [7.666491375587341, 47.57205890708265]}",Primarstufe Bettingen,Primarschule,Bettingen,,,,,Hauptstrasse,107,4126,Bettingen,,,http://www.schule-bettingen.ch,,,,47.5720589071,7.66649137559,0.0,0.3,0,1.0,6.0,Monika,Reith,Schulleitung,+41 61 208 51 40,ps.bettingen@riehen.ch,,,,,,0.3,0.044411547002220574
"47.5698630846,7.58896740469","{""type"": ""Point"", ""coordinates"": [7.588967404686323, 47.56986308457453]}",Dreirosen,Kindergarten,Breisacherstrasse 134,,,Kindergarten,,Breisacherstrasse,134,4057,Basel,+41 61 208 50 75,,,,,2611313.314000/1268806.039000,47.5698630846,7.58896740469,0.1,0.2,0,,,,,,,,,,,,,0.31,0.0458919319022946
"47.5544321855,7.60561936511","{""type"": ""Point"", ""coordinates"": [7.605619365105182, 47.55443218554726]}",Gellert,Kindergarten,In den Klosterreben 17,,,Kindergarten,,In den Klosterreben,17,4052,Basel,+41 61 311 00 64,,,,,2612569.980000/1267092.818000,47.5544321855,7.60561936511,0.1,0.2,0,,,,,,,,,,,,,0.31,0.0458919319022946
"47.5580398233,7.57653543792","{""type"": ""Point"", ""coordinates"": [7.576535437918548, 47.558039823344586]}",Isaak Iselin,Kindergarten,Nonnenweg 32,,,Kindergarten,,Nonnenweg,32,4055,Basel,+41 61 272 68 33,,,,,2610380.125000/1267489.716000,47.5580398233,7.57653543792,0.0,0.4,0,,,,,,,,,,,,,0.4,0.059215396002960774
"47.5675627525,7.62545011062","{""type"": ""Point"", ""coordinates"": [7.625450110622286, 47.56756275252492]}",Hirzbrunnen,Kindergarten,Zu den Drei Linden 70,,,Kindergarten,,Zu den Drei Linden,70,4058,Basel,+41 61 606 33 83,,,,,2614059.183000/1268556.137000,47.5675627525,7.62545011062,0.0,0.4,0,,,,,,,,,,,,,0.4,0.059215396002960774
"47.5732943095,7.64226514994","{""type"": ""Point"", ""coordinates"": [7.642265149939039, 47.57329430951735]}",Primarstufe Wasserstelzen,Kindergarten,Wasserstelzenweg B,,,,,Wasserstelzenweg,65,4125,Riehen,,,,,,,47.5732943095,7.64226514994,0.0,0.4,0,32.0,18.0,,,,+41 79 704 88 30,,,,,,,0.4,0.059215396002960774
"47.568208254,7.5928845163","{""type"": ""Point"", ""coordinates"": [7.592884516295729, 47.56820825398141]}",Bläsi,Primarschule,Bläsi,,,Sekretariat,,Müllheimerstrasse,94,4057,Basel,+41 61 666 61 21,+41 61 666 61 23,http://schulen.edubs.ch/ps/blaesi,ps.blaesi@bs.ch,Bauprojekt_Schulraum_648.pdf,2611608.430000/1268622.609000,47.568208254,7.5928845163,0.0,0.4,0,,,,,,,,,,,,,0.4,0.059215396002960774
"47.5687544291,7.59132251809","{""type"": ""Point"", ""coordinates"": [7.591322518085728, 47.568754429077735]}",Bläsi,Kindergarten,Bläsiring 85,,,Kindergarten,,Bläsiring,85,4057,Basel,+41 61 692 27 81,,,,,2611490.771000/1268683.109000,47.5687544291,7.59132251809,0.0,0.4,0,,,,,,,,,,,,,0.4,0.059215396002960774
"47.5678609501,7.57454791487","{""type"": ""Point"", ""coordinates"": [7.574547914873107, 47.56786095013293]}",Volta,Kindergarten,Im Davidsboden 6,,,Kindergarten,,Im Davidsboden,6,4056,Basel,+41 61 321 02 09,,,,,2610228.654000/1268581.456000,47.5678609501,7.57454791487,0.0,0.4,0,,,,,,,,,,,,,0.4,0.059215396002960774
"47.5693085588,7.58066839524","{""type"": ""Point"", ""coordinates"": [7.580668395240691, 47.569308558791896]}",Volta,Kindergarten,Mülhauserstrasse 38,,,Kindergarten,,Mülhauserstrasse,38,4056,Basel,+41 61 321 16 80,,,,,2610688.938000/1268743.225000,47.5693085588,7.58066839524,0.0,0.4,0,,,,,,,,,,,,,0.4,0.059215396002960774
"47.5622136336,7.56255955566","{""type"": ""Point"", ""coordinates"": [7.562559555661828, 47.56221363362319]}",Wasgenring,Kindergarten,Welschmattstrasse 30,,,Kindergarten,,Welschmattstrasse,30,4055,Basel,+41 61 385 50 60,,,,,2609327.500000/1267952.053000,47.5622136336,7.56255955566,0.0,0.4,0,,,,,,,,,,,,,0.4,0.059215396002960774
"47.5324778166,7.59691484142","{""type"": ""Point"", ""coordinates"": [7.596914841416418, 47.53247781660629]}",Bruderholz,Kindergarten,Fritz Hauser Strasse 20,,,Kindergarten,,Fritz Hauser Strasse,20,4059,Basel,+41 61 361 84 42,,,,,2611919.687000/1264650.405000,47.5324778166,7.59691484142,0.0,0.4,0,,,,,,,,,,,,,0.4,0.059215396002960774
"47.5576654743,7.58377067845","{""type"": ""Point"", ""coordinates"": [7.583770678449682, 47.55766547428497]}",Peter,Kindergarten,Petersgraben 52,,,Kindergarten,,Petersgraben,52,4051,Basel,+41 61 261 02 53,,http://schulen.edubs.ch/ps/peter/kindergarten,,,2610924.763000/1267449.069000,47.5576654743,7.58377067845,0.0,0.4,0,,,,,,,,,,,,,0.4,0.059215396002960774
"47.5812913665,7.59480779471","{""type"": ""Point"", ""coordinates"": [7.594807794713667, 47.581291366451744]}",Kleinhüningen,Kindergarten,Hochbergerstrasse 104,,,Kindergarten,,Hochbergerstrasse,104,4057,Basel,+41 61 631 20 25,,,,,2611750.278000/1270077.595000,47.5812913665,7.59480779471,0.0,0.4,0,,,,,,,,,,,,,0.4,0.059215396002960774
"47.5611829868,7.5963667824","{""type"": ""Point"", ""coordinates"": [7.596366782404545, 47.56118298678329]}",Theodor,Primarschule,Wettstein,,,Sekretariat,,Hammerstrasse,27,4058,Basel,+41 61 208 56 31,,http://schulen.edubs.ch/ps/theodor,ps.theodor@bs.ch,Bauprojekt_Schulraum_639.pdf,2611872.035000/1267841.996000,47.5611829868,7.5963667824,0.0,0.4,0,,,,,,,,,,,,,0.4,0.059215396002960774
"47.5498545413,7.61174452865","{""type"": ""Point"", ""coordinates"": [7.611744528649153, 47.54985454129362]}",Gellert,Kindergarten,Rennweg 89,,,Kindergarten,,Rennweg,89,4052,Basel,+41 61 311 77 70,,,,,2613032.140000/1266584.832000,47.5498545413,7.61174452865,0.1,0.3,0,,,,,,,,,,,,,0.415,0.0614359733530718
"47.5783106937,7.58843567581","{""type"": ""Point"", ""coordinates"": [7.588435675805378, 47.57831069371719]}",Insel,Kindergarten,Ackerstrasse 18,,,Kindergarten,,Ackerstrasse,18,4057,Basel,+41 61 631 48 30,,,,,2611271.519000/1269745.246000,47.5783106937,7.58843567581,0.1,0.3,0,,,,,,,,,,,,,0.415,0.0614359733530718
"47.5893181876,7.65767489611","{""type"": ""Point"", ""coordinates"": [7.657674896106522, 47.58931818762862]}",Primarstufe Hinter Gärten,Kindergarten,Steingrubenweg,,,,,Steingrubenweg,37,4125,Riehen,,,,,,,47.5893181876,7.65767489611,0.1,0.3,0,20.0,21.0,,,,+41 79 704 89 25,,,,,,,0.415,0.0614359733530718
"47.5443912783,7.58853443093","{""type"": ""Point"", ""coordinates"": [7.588534430925156, 47.544391278253116]}",Thierstein,Kindergarten,Sempacherstrasse 15,,,Kindergarten,,Sempacherstrasse,15,4053,Basel,+41 61 361 60 61,,,,,2611286.114000/1265973.804000,47.5443912783,7.58853443093,0.0,0.5,0,,,,,,,,,,,,,0.5,0.07401924500370097
"47.5733279577,7.6423098007","{""type"": ""Point"", ""coordinates"": [7.642309800695753, 47.57332795774713]}",Primarstufe Wasserstelzen,Kindergarten,Wasserstelzenweg A,,,,,Wasserstelzenweg,65,4125,Riehen,,,,,,,47.5733279577,7.6423098007,0.0,0.5,0,34.0,38.0,,,,+41 79 704 88 69,,,,,,,0.5,0.07401924500370097
"47.5732036784,7.61144733109","{""type"": ""Point"", ""coordinates"": [7.611447331094895, 47.573203678446184]}",Hirzbrunnen,Primarschule,Altbau Schoren,,,Sekretariat,,Schorenweg,81,4058,Basel,+41 61 681 11 18,+41 61 681 41 60,http://schulen.edubs.ch/ps/schoren,ps.schoren@bs.ch,Bauprojekt_Schulraum_665.pdf,2613004.077000/1269180.942000,47.5732036784,7.61144733109,0.0,0.5,0,,,,,,,,,,,,,0.5,0.07401924500370097
"47.5656504297,7.59721181442","{""type"": ""Point"", ""coordinates"": [7.597211814420366, 47.56565042971569]}",Theodor,Kindergarten,Sperrstrasse 104a,,,Kindergarten,,Sperrstrasse,104a,4057,Basel,+41 61 681 03 97,,,,,2611934.634000/1268338.853000,47.5656504297,7.59721181442,0.0,0.5,0,,,,,,,,,,,,,0.5,0.07401924500370097
"47.5854754515,7.64919019831","{""type"": ""Point"", ""coordinates"": [7.649190198306491, 47.58547545152232]}",Primarstufe Erlensträsschen,Primarschule,Erlensträsschen,,,,,Erlensträsschen,8,4125,Riehen,,,http://www.schule-erlenstraesschen.ch,,,,47.5854754515,7.64919019831,0.1,0.4,0,12.0,3.0,Ruth,Flück,Schulleitung,+41 61 208 60 12,ps.erlen@riehen.ch,,,,,,0.52,0.076980014803849
"47.5539827123,7.61196716341","{""type"": ""Point"", ""coordinates"": [7.61196716341323, 47.55398271228916]}",Gellert,Kindergarten,Froburgstrasse 50,,,Kindergarten,,Froburgstrasse,50,4052,Basel,+41 61 311 02 86,,,,,2613047.890000/1267043.873000,47.5539827123,7.61196716341,0.1,0.4,0,,,,,,,,,,,,,0.52,0.076980014803849
"47.5723410787,7.63717752538","{""type"": ""Point"", ""coordinates"": [7.637177525380642, 47.57234107874716]}",Primarstufe Niederholz,Kindergarten,Langenlängeweg B,,,,,Langenlängeweg,24,4125,Riehen,,,,,,,47.5723410787,7.63717752538,0.1,0.4,0,21.0,39.0,,,,+41 76 453 61 27,,,,,,,0.52,0.076980014803849
"47.5723566655,7.63709802968","{""type"": ""Point"", ""coordinates"": [7.637098029680566, 47.572356665471226]}",Primarstufe Niederholz,Kindergarten,Langenlängeweg A,,,,,Langenlängeweg,24,4125,Riehen,,,,,,,47.5723566655,7.63709802968,0.1,0.4,0,23.0,12.0,,,,+41 79 561 69 91,,,,,,,0.52,0.076980014803849
"47.5830266002,7.59147660964","{""type"": ""Point"", ""coordinates"": [7.591476609635107, 47.583026600171344]}",Kleinhüningen,Kindergarten,Pfarrgasse 11,,,Kindergarten,,Pfarrgasse,11,4057,Basel,+41 61 631 06 95,,,,,2611499.292000/1270270.044000,47.5830266002,7.59147660964,0.1,0.4,0,,,,,,,,,,,,,0.52,0.076980014803849
"47.5887239748,7.65782435094","{""type"": ""Point"", ""coordinates"": [7.657824350936497, 47.588723974845614]}",Primarstufe Hinter Gärten,Primarschule,Hinter Gärten,,,,,Steingrubenweg,30,4125,Riehen,,,http://www.schule-hintergaerten.ch,,,,47.5887239748,7.65782435094,0.1,0.4,0,15.0,4.0,Aaron,Messmer,Schulleitung,+41 61 208 60 60,ps.hintergaerten@riehen.ch,Martina,Casañs Lutzu,Schulleitung,+41 61 208 60 60,ps.hintergaerten@riehen.ch,0.52,0.076980014803849
"47.5886255836,7.65594453919","{""type"": ""Point"", ""coordinates"": [7.65594453918576, 47.588625583591536]}",Primarstufe Hinter Gärten,Kindergarten,Hinter Gärten A,,,,,Hinter Gärten,13,4125,Riehen,,,,,,,47.5886255836,7.65594453919,0.2,0.3,0,17.0,11.0,,,,+41 79 704 89 74,,,,,,,0.53,0.07846039970392303
"47.5488122026,7.56071253948","{""type"": ""Point"", ""coordinates"": [7.560712539480726, 47.54881220264787]}",Neubad,Kindergarten,General Guisan Strasse 180,,,Kindergarten,,General Guisan Strasse,180,4054,Basel,+41 61 301 77 37,,,,,2609190.797000/1266461.751000,47.5488122026,7.56071253948,0.2,0.3,0,,,,,,,,,,,,,0.53,0.07846039970392303
"47.5474065886,7.613389973","{""type"": ""Point"", ""coordinates"": [7.613389972997057, 47.54740658859264]}",Gellert,Kindergarten,Karl Jaspers-Allee 39,,,Kindergarten,,Karl Jaspers-Allee,39,4052,Basel,+41 61 312 88 31,,,,,2613156.607000/1266312.922000,47.5474065886,7.613389973,0.3,0.2,0,,,,,,,,,,,,,0.53,0.07846039970392303
"47.564300557,7.61261722807","{""type"": ""Point"", ""coordinates"": [7.612617228068581, 47.56430055698659]}",Hirzbrunnen,Kindergarten,Eugen Wullschleger-Str. 32,,,Kindergarten,,Eugen Wullschleger-Str.,32,4058,Basel,+41 61 681 98 15,,http://schulen.edubs.ch/ps/hirzbrunnen/kindergaerten,,,2613094.289000/1268191.207000,47.564300557,7.61261722807,0.3,0.2,0,,,,,,,,,,,,,0.53,0.07846039970392303
"47.5719472484,7.66656577324","{""type"": ""Point"", ""coordinates"": [7.666565773235209, 47.57194724838981]}",Primarstufe Bettingen,Kindergarten,Bettingen A und B,,,,,Hauptstrasse,107,4126,Bettingen,,,,,,,47.5719472484,7.66656577324,0.0,0.6,0,3.0,1.0,,,,+41 79 704 67 44,,,,,+41 79 704 67 66,,0.6,0.08882309400444115
"47.5634676621,7.60882801379","{""type"": ""Point"", ""coordinates"": [7.608828013790848, 47.56346766211806]}",Vogelsang,Primarschule,Vogelsang,,,Sekretariat,,Schwarzwaldallee,107,4058,Basel,+41 61 208 54 60,+41 61 208 54 70,http://schulen.edubs.ch/ps/vogelsang,ps.vogelsang@bs.ch,Bauprojekt_Schulraum_651.pdf,2612809.327000/1268097.976000,47.5634676621,7.60882801379,0.0,0.6,0,,,,,,,,,,,,,0.6,0.08882309400444115
"47.5497380457,7.60307434307","{""type"": ""Point"", ""coordinates"": [7.603074343072116, 47.54973804569623]}",Sevogel,Primarschule,Sevogel,,,Sekretariat,,Sevogelstrasse,61,4052,Basel,+41 61 378 70 70,+41 61 378 70 78,http://schulen.edubs.ch/ps/sevogel,ps.sevogel@bs.ch,Bauprojekt_Schulraum_625.pdf,2612379.504000/1266570.482000,47.5497380457,7.60307434307,0.0,0.6,0,,,,,,,,,,,,,0.6,0.08882309400444115
"47.5698930626,7.58177602038","{""type"": ""Point"", ""coordinates"": [7.581776020377755, 47.56989306260534]}",Volta,Primarschule,Volta,,,Sekretariat,,Wasserstrasse,40,4056,Basel,+41 61 386 89 00,+41 61 386 89 05,http://schulen.edubs.ch/ps/volta,ps.volta@bs.ch,Bauprojekt_Schulraum_644.pdf,2610772.168000/1268808.366000,47.5698930626,7.58177602038,0.0,0.6000000000000001,0,,,,,,,,,,,,,0.6000000000000001,0.08882309400444117
"47.5536502323,7.5873224669","{""type"": ""Point"", ""coordinates"": [7.587322466903052, 47.55365023226028]}",Holbein,Sekundarschule,Holbein,,,Sekretariat,,Kanonengasse,9,4051,Basel,+41 61 267 55 35,+41 61 267 55 34,http://www.sek-holbein.ch,sek.holbein@bs.ch,Bauprojekt_Schulraum_629.pdf,2611192.932000/1267003.118000,47.5536502323,7.5873224669,0.0,0.6000000000000001,0,,,,,,,,,,,,,0.6000000000000001,0.08882309400444117
"47.5659303252,7.58095137145","{""type"": ""Point"", ""coordinates"": [7.580951371446544, 47.565930325176105]}",Vogesen,Sekundarschule,Sek Vogesen,,,Sekretariat,,St. Johanns-Ring,17,4056,Basel,+41 61 385 95 50,+41 61 385 95 55,http://www.sek-vogesen.ch,sek.vogesen@bs.ch,Bauprojekt_Schulraum_643.pdf,2610710.909000/1268367.641000,47.5659303252,7.58095137145,0.1,0.5,0,,,,,,,,,,,,,0.625,0.0925240562546262
"47.527587338,7.59059994547","{""type"": ""Point"", ""coordinates"": [7.590599945473524, 47.527587338005915]}",Bruderholz,Kindergarten,Biascastrasse 22,,,Kindergarten,,Biascastrasse,22,4059,Basel,,,,,,2611445.214000/1264105.710000,47.527587338,7.59059994547,0.1,0.5,0,,,,,,,,,,,,,0.625,0.0925240562546262
"47.572101118,7.63498753211","{""type"": ""Point"", ""coordinates"": [7.634987532114313, 47.5721011179837]}",Primarstufe Niederholz,Kindergarten,Hebelmätteli,,,,,Niederholzstrasse,89,4125,Riehen,,,,,,,47.572101118,7.63498753211,0.2,0.4,0,25.0,28.0,,,,+41 79 704 88 72,,,,,,,0.6400000000000001,0.09474463360473726
"47.5729533091,7.6397849211","{""type"": ""Point"", ""coordinates"": [7.639784921104432, 47.57295330906618]}",Primarstufe Wasserstelzen,Primarschule,Wasserstelzen,,,,,Wasserstelzenweg,11 - 15,4125,Riehen,,,http://schulen.edubs.ch/ps/wasserstelzen,,,,47.5729533091,7.6397849211,0.2,0.4,0,31.0,7.0,Monika,Schröter,Schulleitung,+41 61 208 55 55,ps.wasserstelzen@riehen.ch,Nicole,Müller,Schulleitung,+41 61 208 55 55,ps.wasserstelzen@riehen.ch,0.6400000000000001,0.09474463360473726
"47.5683632288,7.57541075462","{""type"": ""Point"", ""coordinates"": [7.575410754623949, 47.568363228819315]}",Volta,Kindergarten,Vogesenstrasse 105,,,Kindergarten,,Vogesenstrasse,105,4056,Basel,+41 61 322 11 21,,,,,2610293.487000/1268637.416000,47.5683632288,7.57541075462,0.3,0.3,0,,,,,,,,,,,,,0.645,0.09548482605477425
"47.5684923897,7.6103502147","{""type"": ""Point"", ""coordinates"": [7.610350214700132, 47.56849238971936]}",Schoren,Kindergarten,Laufenburgerstrasse 5,,,Kindergarten,,Laufenburgerstrasse,5,4058,Basel,+41 61 681 38 33,,http://schulen.edubs.ch/ps/hirzbrunnen/kindergaerten,,,2612922.667000/1268656.918000,47.5684923897,7.6103502147,0.3,0.3,0,,,,,,,,,,,,,0.645,0.09548482605477425
"47.5626968732,7.57072738706","{""type"": ""Point"", ""coordinates"": [7.570727387059693, 47.56269687316258]}",Isaak Iselin,Primarschule,Isaak Iselin,,,Sekretariat,,Strassburgerallee,65,4055,Basel,+14 61 385 94 60,+14 61 385 94 65,http://schulen.edubs.ch/ps/isaakiselin,ps.isaakiselin@bs.ch,Bauprojekt_Schulraum_613.pdf,2609942.115000/1268006.780000,47.5626968732,7.57072738706,0.0,0.7,0,,,,,,,,,,,,,0.7,0.10362694300518134
"47.5527579284,7.61793432467","{""type"": ""Point"", ""coordinates"": [7.617934324667344, 47.55275792840632]}",Gellert,Kindergarten,Nasenweg 13,,,Kindergarten,,Nasenweg,13,4052,Basel,+41 61 312 27 28,,,,,2613497.353000/1266908.696000,47.5527579284,7.61793432467,0.0,0.7,0,,,,,,,,,,,,,0.7,0.10362694300518134
"47.5598598852,7.5862241655","{""type"": ""Point"", ""coordinates"": [7.586224165502368, 47.55985988521641]}",Peter,Kindergarten,Petersgasse 17,,,Kindergarten,,Petersgasse,17,4051,Basel,+41 61 261 13 78,,http://schulen.edubs.ch/ps/peter/kindergarten,,,2611108.970000/1267693.405000,47.5598598852,7.5862241655,0.0,0.7000000000000001,0,,,,,,,,,,,,,0.7000000000000001,0.10362694300518135
"47.5677828288,7.57467316244","{""type"": ""Point"", ""coordinates"": [7.574673162443972, 47.5677828288138]}",Volta,Kindergarten,Im Davidsboden 4,,,Kindergarten,,Im Davidsboden,4,4056,Basel,+41 61 321 10 51,,,,,2610238.094000/1268572.786000,47.5677828288,7.57467316244,0.1,0.6,0,,,,,,,,,,,,,0.73,0.1080680977054034
"47.5935565423,7.65538593816","{""type"": ""Point"", ""coordinates"": [7.655385938160722, 47.59355654233246]}",Primarstufe Hinter Gärten,Kindergarten,Grienbodenweg,,,,,Grienbodenweg,10,4125,Riehen,,,,,,,47.5935565423,7.65538593816,0.1,0.6000000000000001,0,19.0,10.0,,,,+41 79 704 89 79,,,,,,,0.7300000000000001,0.10806809770540342
"47.5544125396,7.5666187189","{""type"": ""Point"", ""coordinates"": [7.566618718901552, 47.55441253956806]}",Gotthelf,Kindergarten,Gottfried Keller Strasse 8,,,Kindergarten,,Gottfried Keller Strasse,8,4054,Basel,+41 61 208 52 40,,,,,2609634.395000/1267085.147000,47.5544125396,7.5666187189,0.1,0.6000000000000001,0,,,,,,,,,,,,,0.7300000000000001,0.10806809770540342
"47.565744601,7.57916741525","{""type"": ""Point"", ""coordinates"": [7.579167415252443, 47.565744601045026]}",St. Johann,Kindergarten,St. Johannsring 22,,,Kindergarten,,St. Johannsring,22,4056,Basel,+41 61 321 16 14,,,,,2610576.696000/1268346.750000,47.565744601,7.57916741525,0.2,0.5,0,,,,,,,,,,,,,0.75,0.11102886750555145
"47.5704979025,7.60880621089","{""type"": ""Point"", ""coordinates"": [7.608806210890156, 47.57049790249711]}",Schoren,Kindergarten,In den Schorenmatten 28,,,Kindergarten,,In den Schorenmatten,28,4058,Basel,+41 61 681 16 20,,http://schulen.edubs.ch/ps/hirzbrunnen/kindergaerten,,,2612805.999000/1268879.657000,47.5704979025,7.60880621089,0.2,0.5,0,,,,,,,,,,,,,0.75,0.11102886750555145
"47.5467546322,7.57366239791","{""type"": ""Point"", ""coordinates"": [7.573662397912356, 47.54675463220981]}",Neubad,Kindergarten,Bernerring 19,,,Kindergarten,,Bernerring,19,4054,Basel,+41 61 281 34 22,,,,,2610166.031000/1266234.560000,47.5467546322,7.57366239791,0.4,0.3,0,,,,,,,,,,,,,0.76,0.11250925240562547
"47.5695156769,7.59103116234","{""type"": ""Point"", ""coordinates"": [7.591031162337787, 47.56951567685298]}",Dreirosen,Kindergarten,Amerbachstrasse 7,,,Kindergarten,,Amerbachstrasse,7,4057,Basel,+41 61 692 92 18,,,,,2611468.683000/1268767.709000,47.5695156769,7.59103116234,0.0,0.7999999999999999,0,,,,,,,,,,,,,0.7999999999999999,0.11843079200592153
"47.561934195,7.58007210646","{""type"": ""Point"", ""coordinates"": [7.58007210646179, 47.561934194975045]}",St. Johann,Kindergarten,Maiengasse 7/11,,,Kindergarten,,Maiengasse,7/11,4056,Basel,,,,,,2610645.537000/1267923.197000,47.561934195,7.58007210646,0.0,0.7999999999999999,0,,,,,,,,,,,,,0.7999999999999999,0.11843079200592153
"47.5794989229,7.6456424462","{""type"": ""Point"", ""coordinates"": [7.645642446204661, 47.57949892287323]}",Primarstufe Burgstrasse,Primarschule,Burgstrasse,,,,,Burgstrasse,51,4125,Riehen,,,http://www.schule-burgstrasse.ch,,,,47.5794989229,7.6456424462,0.0,0.8,0,10.0,5.0,Regina,Hohl,Schulleitung,+41 61 208 57 80,ps.burg@riehen.ch,Florian,von Bidder,Schulleitung,+41 61 208 57 80,ps.burg@riehen.ch,0.8,0.11843079200592155
"47.5806065138,7.5904941127","{""type"": ""Point"", ""coordinates"": [7.590494112696829, 47.58060651380917]}",Insel,Kindergarten,Giessliweg 63,,,Kindergarten,,Giessliweg,63,4057,Basel,+41 61 631 20 75,,,,,2611425.897000/1270000.813000,47.5806065138,7.5904941127,0.0,0.8,0,,,,,,,,,,,,,0.8,0.11843079200592155
"47.5437932386,7.58659099379","{""type"": ""Point"", ""coordinates"": [7.586590993785697, 47.543793238582296]}",Margarethen,Kindergarten,Gempenstrasse 43,,,Kindergarten,,Gempenstrasse,43,4053,Basel,+41 61 361 47 39,,,,,2611139.928000/1265907.033000,47.5437932386,7.58659099379,0.0,0.8,0,,,,,,,,,,,,,0.8,0.11843079200592155
"47.5629576952,7.59114642546","{""type"": ""Point"", ""coordinates"": [7.591146425456586, 47.562957695208375]}",Dreirosen,Kindergarten,Kasernenstrasse 25,,,Kindergarten,,Kasernenstrasse,25,4057,Basel,+41 61 681 71 72,,,,,2611478.766000/1268038.551000,47.5629576952,7.59114642546,0.1,0.7,0,,,,,,,,,,,,,0.835,0.1236121391561806
"47.578667969,7.64483745885","{""type"": ""Point"", ""coordinates"": [7.644837458852725, 47.5786679689805]}",Primarstufe Burgstrasse,Kindergarten,Paradiesstrasse B,,,,,Paradiesstrasse,47,4125,Riehen,,,,,,,47.578667969,7.64483745885,0.2,0.6,0,5.0,29.0,,,,+41 61 208 57 96,,,,,,,0.8600000000000001,0.12731310140636568
"47.578772877,7.64475800894","{""type"": ""Point"", ""coordinates"": [7.64475800894273, 47.57877287703369]}",Primarstufe Burgstrasse,Kindergarten,Paradiesstrasse A,,,,,Paradiesstrasse,47,4125,Riehen,,,,,,,47.578772877,7.64475800894,0.2,0.6,0,6.0,15.0,,,,+41 61 208 57 95,,,,,,,0.8600000000000001,0.12731310140636568
"47.5459086732,7.62004722046","{""type"": ""Point"", ""coordinates"": [7.62004722045713, 47.54590867317389]}",Gellert,Kindergarten,Lehenmattstrasse 290,,,Kindergarten,,Lehenmattstrasse,290,4052,Basel,+41 61 311 95 81,,,,,2613658.149000/1266147.504000,47.5459086732,7.62004722046,0.2,0.6,0,,,,,,,,,,,,,0.8600000000000001,0.12731310140636568
"47.572372467,7.63549331115","{""type"": ""Point"", ""coordinates"": [7.635493311151839, 47.572372466992285]}",Primarstufe Niederholz,Primarschule,Niederholz,,,,,Langenlängeweg,14,4125,Riehen,,,http://www.schule-niederholz.ch,,,,47.572372467,7.63549331115,0.2,0.6,0,22.0,2.0,Denise,Aeschi,Schulleitung,+41 61 208 61 00,ps.niederholz@riehen.ch,Manuela,Wäspi,Schulleitung,+41 61 208 61 00,ps.niederholz@riehen.ch,0.8600000000000001,0.12731310140636568
"47.5474981658,7.57190191138","{""type"": ""Point"", ""coordinates"": [7.571901911383409, 47.547498165829175]}",Neubad,Kindergarten,Bernerring 49,,,Kindergarten,,Bernerring,49,4054,Basel,+41 61 281 27 43,,,,,2610033.360000/1266317.007000,47.5474981658,7.57190191138,0.3,0.5,0,,,,,,,,,,,,,0.875,0.12953367875647667
"47.5677565463,7.59549861977","{""type"": ""Point"", ""coordinates"": [7.595498619766427, 47.5677565462568]}",Bläsi,Kindergarten,Oetlingerstrasse 170,,,Kindergarten,,Oetlingerstrasse,170,4057,Basel,+41 61 692 04 06,,,,,2611805.243000/1268572.772000,47.5677565463,7.59549861977,0.4,0.4,0,,,,,,,,,,,,,0.8800000000000001,0.1302738712065137
"47.5580678036,7.60212717475","{""type"": ""Point"", ""coordinates"": [7.60212717475357, 47.55806780363926]}",Vogelsang,Kindergarten,Fischerweg 8,,,Kindergarten,,Fischerweg,8,4058,Basel,+41 61 691 05 51,,,,,2612306.284000/1267496.506000,47.5580678036,7.60212717475,0.4,0.4,0,,,,,,,,,,,,,0.8800000000000001,0.1302738712065137
"47.569189245,7.59275257189","{""type"": ""Point"", ""coordinates"": [7.592752571890357, 47.56918924501053]}",Bläsi,Kindergarten,Amerbachstrasse 52,,,Kindergarten,,Amerbachstrasse,52,4057,Basel,+41 61 683 57 27,,,,,2611598.288000/1268731.665000,47.569189245,7.59275257189,0.4,0.4,0,,,,,,,,,,,,,0.8800000000000001,0.1302738712065137
"47.5487675784,7.56040853878","{""type"": ""Point"", ""coordinates"": [7.560408538775627, 47.54876757843546]}",Neubad,Kindergarten,General Guisan Strasse 182,,,Kindergarten,,General Guisan Strasse,182,4054,Basel,+41 61 301 17 55,,,,,2609167.920000/1266456.754000,47.5487675784,7.56040853878,0.4,0.4,0,,,,,,,,,,,,,0.8800000000000001,0.1302738712065137
"47.5429555959,7.59570082316","{""type"": ""Point"", ""coordinates"": [7.595700823162188, 47.542955595869884]}",Thierstein,Kindergarten,Tellstrasse 22,,,Kindergarten,,Tellstrasse,22,4053,Basel,+41 61 361 32 16,,,,,2611825.950000/1265815.223000,47.5429555959,7.59570082316,0.0,0.9,0,,,,,,,,,,,,,0.9,0.13323464100666174
"47.5708661251,7.60988451932","{""type"": ""Point"", ""coordinates"": [7.6098845193173, 47.57086612509516]}",Hirzbrunnen,Primarschule,Neubau Schoren,,,Sekretariat,,Schorenweg,23,4058,Basel,+41 61 681 11 18,+41 61 681 41 60,http://schulen.edubs.ch/ps/schoren,ps.schoren@bs.ch,Bauprojekt_Schulraum_6623.pdf,2612887.050000/1268920.775000,47.5708661251,7.60988451932,0.1,0.8,0,,,,,,,,,,,,,0.94,0.1391561806069578
"47.5544395823,7.58661158016","{""type"": ""Point"", ""coordinates"": [7.586611580158682, 47.554439582307744]}",Leonhard,Sekundarschule,SEK Leonhard,,,Sekretariat,,Leonhardsstrasse,15,4051,Basel,+41 61 267 55 60,+41 61 267 55 62,http://www.sek-leonhard.ch,sek.leonhard@bs.ch,Bauprojekt_Schulraum_631.pdf,2611139.258000/1267090.784000,47.5544395823,7.58661158016,0.1,0.8,0,,,,,,,,,,,,,0.94,0.1391561806069578
"47.564685307,7.57445836927","{""type"": ""Point"", ""coordinates"": [7.574458369268219, 47.564685307011544]}",Isaak Iselin,Kindergarten,Mittlere Strasse 153,,,Kindergarten,,Mittlere Strasse,153,4056,Basel,+41 61 321 58 17,,,,,2610222.523000/1268228.348000,47.564685307,7.57445836927,0.2,0.7,0,,,,,,,,,,,,,0.97,0.14359733530717986
"47.5588255748,7.56820698075","{""type"": ""Point"", ""coordinates"": [7.568206980752652, 47.558825574830315]}",Gotthelf,Kindergarten,Bündnerstrasse 38,,,Kindergarten,,Bündnerstrasse,38,4054,Basel,+41 61 301 14 89,,,,,2609753.139000/1267576.021000,47.5588255748,7.56820698075,0.2,0.7,0,,,,,,,,,,,,,0.97,0.14359733530717986
"47.5710564957,7.59420257111","{""type"": ""Point"", ""coordinates"": [7.594202571112222, 47.57105649574271]}",Dreirosen,Kindergarten,Horburgstrasse 51,,,Kindergarten,,Horburgstrasse,51,4057,Basel,+41 61 681 32 59,,,,,2611706.990000/1268939.497000,47.5710564957,7.59420257111,0.0,0.0,1,,,,,,,,,,,,,1.0,0.14803849000740193
"47.553736567,7.61427492324","{""type"": ""Point"", ""coordinates"": [7.614274923242674, 47.553736566998545]}",Gellert,Kindergarten,Lehenmattstrasse 54,,,Kindergarten,,Lehenmattstrasse,54,4052,Basel,+41 61 311 94 20,,,,,2613221.658000/1267016.889000,47.553736567,7.61427492324,0.4,0.5,0,,,,,,,,,,,,,1.0,0.14803849000740193
"47.547751989,7.60377360891","{""type"": ""Point"", ""coordinates"": [7.60377360891278, 47.547751988998094]}",Sevogel,Kindergarten,Engelgasse 118,,,Kindergarten,,Engelgasse,118,4052,Basel,+41 61 312 79 89,,,,,2612432.605000/1266349.766000,47.547751989,7.60377360891,0.4,0.5,0,,,,,,,,,,,,,1.0,0.14803849000740193
"47.5713925931,7.60270020806","{""type"": ""Point"", ""coordinates"": [7.602700208057652, 47.57139259305267]}",Erlenmatt,Kindergarten,Signalstrasse 29,,,Kindergarten,,Signalstrasse,29,4057,Basel,,,,,,2612346.331000/1268978.163000,47.5713925931,7.60270020806,0.0,0.0,1,,,,,,,,,,,,,1.0,0.14803849000740193
"47.5619131847,7.57858941054","{""type"": ""Point"", ""coordinates"": [7.578589410538259, 47.56191318470061]}",St. Johann,Kindergarten,Hebelstrasse 75a,,,Kindergarten,,Hebelstrasse,75a,4056,Basel,+41 61 261 04 96,,,,,2610533.954000/1267920.662000,47.5619131847,7.57858941054,0.4,0.5,0,,,,,,,,,,,,,1.0,0.14803849000740193
"47.5660948692,7.60105967029","{""type"": ""Point"", ""coordinates"": [7.601059670288213, 47.5660948692325]}",Vogelsang,Kindergarten,Bleichestrasse 21,,,Kindergarten,,Bleichestrasse,21,4058,Basel,+41 61 691 14 30,,,,,2612224.100000/1268388.859000,47.5660948692,7.60105967029,0.0,1.0,0,,,,,,,,,,,,,1.0,0.14803849000740193
"47.5418596342,7.59567895191","{""type"": ""Point"", ""coordinates"": [7.595678951910998, 47.54185963417007]}",Thierstein,Kindergarten,Bärschwilerstrasse 11,,,Kindergarten,,Bärschwilerstrasse,11,4053,Basel,+41 61 208 51 86,,,,,2611824.546000/1265693.362000,47.5418596342,7.59567895191,0.0,1.0,0,,,,,,,,,,,,,1.0,0.14803849000740193
"47.5688260279,7.60394652727","{""type"": ""Point"", ""coordinates"": [7.603946527269422, 47.56882602794693]}",Erlenmatt,Kindergarten,Schönaustrasse 73,,,Kindergarten,,Schönaustrasse,73,4058,Basel,+41 61 681 14 84,,http://schulen.edubs.ch/ps/erlenmatt/kindergarten/schoenaustrasse,maya.schoeb@edubs.ch,,2612440.710000/1268692.985000,47.5688260279,7.60394652727,0.0,0.0,1,,,,,,,,,,,,,1.0,0.14803849000740193
"47.5687458392,7.60304456365","{""type"": ""Point"", ""coordinates"": [7.603044563647966, 47.56874583920978]}",Vogelsang,Kindergarten,Schönaustrasse 67,,,Kindergarten,,Schönaustrasse,67,4058,Basel,+41 61 681 01 61,,,,,2612372.856000/1268683.927000,47.5687458392,7.60304456365,0.0,0.0,1,,,,,,,,,,,,,1.0,0.14803849000740193
"47.5385838816,7.60851878688","{""type"": ""Point"", ""coordinates"": [7.608518786880746, 47.538583881629066]}",Dreispitz,Primarschule,Dreispitz,,,Schulleitung,,Münchensteinerstrasse,103H,4052,Basel,+41 61 208 53 96,,,,,2612792.017000/1265331.142000,47.5385838816,7.60851878688,0.0,1.0,0,,,,,,,,,,,,,1.0,0.14803849000740193
"47.5636836023,7.56800399861","{""type"": ""Point"", ""coordinates"": [7.568003998605389, 47.56368360233363]}",Isaak Iselin,Kindergarten,Lützelstrasse 11,,,Kindergarten,,Lützelstrasse,11,4055,Basel,+41 61 321 94 90,,,,,2609736.977000/1268116.154000,47.5636836023,7.56800399861,0.5,0.4,0,,,,,,,,,,,,,1.0,0.14803849000740193
"47.5786616031,7.59158494532","{""type"": ""Point"", ""coordinates"": [7.591584945319897, 47.578661603090815]}",Insel,Kindergarten,Kleinhüningerstrasse 154,,,Kindergarten,,Kleinhüningerstrasse,154,4057,Basel,+41 61 631 41 74,,,,,2611508.383000/1269784.718000,47.5786616031,7.59158494532,0.0,0.0,1,,,,,,,,,,,,,1.0,0.14803849000740193
"47.5711778832,7.64392026804","{""type"": ""Point"", ""coordinates"": [7.643920268038782, 47.57117788324179]}",Primarstufe Wasserstelzen,Kindergarten,Siegwaldweg B,,,,,Siegwaldweg,9,4125,Riehen,,,,,,,47.5711778832,7.64392026804,0.1,0.8999999999999999,0,35.0,17.0,,,,+41 79 932 25 10,,,,,,,1.045,0.154700222057735
"47.5712282359,7.6439271068","{""type"": ""Point"", ""coordinates"": [7.643927106801106, 47.571228235905444]}",Primarstufe Wasserstelzen,Kindergarten,Siegwaldweg A,,,,,Siegwaldweg,9,4125,Riehen,,,,,,,47.5712282359,7.6439271068,0.1,0.8999999999999999,0,33.0,37.0,,,,+41 79 704 88 19,,,,,,,1.045,0.154700222057735
"47.5703865044,7.63390803945","{""type"": ""Point"", ""coordinates"": [7.633908039449423, 47.570386504390754]}",Primarstufe Niederholz,Kindergarten,Niederholz A,,,,,Niederholzstrasse,141,4125,Riehen,,,,,,,47.5703865044,7.63390803945,0.0,1.1,0,28.0,13.0,,,,+41 79 561 84 60,,,,,,,1.1,0.16284233900814213
"47.5611151178,7.566934627","{""type"": ""Point"", ""coordinates"": [7.566934626998909, 47.5611151177706]}",Gotthelf,Kindergarten,Appenzellerstrasse 11,,,Kindergarten,,Appenzellerstrasse,11,4054,Basel,+41 61 382 46 52,,,,,2609656.963000/1267830.436000,47.5611151178,7.566934627,0.4,0.6000000000000001,0,,,,,,,,,,,,,1.12,0.16580310880829016
"47.5583768161,7.56882813715","{""type"": ""Point"", ""coordinates"": [7.568828137146546, 47.55837681606894]}",Gotthelf,Kindergarten,Bündnerstrasse 29,,,Kindergarten,,Bündnerstrasse,29,4054,Basel,+41 61 301 24 54,,,,,2609799.972000/1267526.201000,47.5583768161,7.56882813715,0.4,0.6,0,,,,,,,,,,,,,1.12,0.16580310880829016
"47.5297000669,7.60129433666","{""type"": ""Point"", ""coordinates"": [7.601294336664504, 47.52970006691722]}",Bruderholz,Kindergarten,Zur Gempenfluh 52,,,Kindergarten,,Zur Gempenfluh,52,4059,Basel,+41 61 331 44 67,,,,,2612250.106000/1264342.225000,47.5297000669,7.60129433666,0.2,0.8999999999999999,0,,,,,,,,,,,,,1.19,0.17616580310880828
"47.5832322728,7.65140495041","{""type"": ""Point"", ""coordinates"": [7.651404950411076, 47.583232272805986]}",Primarstufe Burgstrasse,Kindergarten,Weissenbergerhaus,,,,,Bahnhofstrasse,34,4125,Riehen,,,,,,,47.5832322728,7.65140495041,0.3,0.8,0,4.0,41.0,,,,+41 79 571 87 40,,,,,,,1.2200000000000002,0.18060695780903038
"47.5687298041,7.59457682794","{""type"": ""Point"", ""coordinates"": [7.594576827936974, 47.568729804085436]}",Bläsi,Kindergarten,Bläsiring 143,,,Kindergarten,,Bläsiring,143,4057,Basel,+41 61 692 94 63,,,,,2611735.663000/1268680.850000,47.5687298041,7.59457682794,0.4,0.7,0,,,,,,,,,,,,,1.24,0.1835677276091784
"47.5436571684,7.5908875648","{""type"": ""Point"", ""coordinates"": [7.590887564803006, 47.54365716840503]}",Brunnmatt,Kindergarten,Pfeffingerstrasse 50,,,Kindergarten,,Pfeffingerstrasse,50,4053,Basel,+41 61 361 25 10,,,,,2611463.426000/1265892.519000,47.5436571684,7.5908875648,0.1,1.1,0,,,,,,,,,,,,,1.255,0.1857883049592894
"47.5503388556,7.56791110946","{""type"": ""Point"", ""coordinates"": [7.567911109455701, 47.550338855590894]}",Gotthelf,Kindergarten,Bristenweg 4,,,Kindergarten,,Bristenweg,4,4054,Basel,+41 61 302 11 49,,,,,2609732.415000/1266632.359000,47.5503388556,7.56791110946,0.1,1.1,0,,,,,,,,,,,,,1.255,0.1857883049592894
"47.5856941269,7.65258653421","{""type"": ""Point"", ""coordinates"": [7.652586534210914, 47.585694126934115]}",Primarstufe Erlensträsschen,Kindergarten,Wendelinsgasse,,,,,Wendelinsgasse,21,4125,Riehen,,,,,,,47.5856941269,7.65258653421,0.2,1.0,0,13.0,19.0,,,,+41 79 704 65 04,,,,,,,1.3,0.19245003700962252
"47.5328168425,7.58812240507","{""type"": ""Point"", ""coordinates"": [7.588122405069855, 47.532816842528575]}",Bruderholz,Kindergarten,Oberer Batterieweg 11,,,Kindergarten,,Oberer Batterieweg,11,4059,Basel,+41 61 361 75 10,,,,,2611257.533000/1264686.809000,47.5328168425,7.58812240507,0.0,0.3,1,,,,,,,,,,,,,1.3,0.19245003700962252
"47.57111277,7.57648085764","{""type"": ""Point"", ""coordinates"": [7.576480857637983, 47.57111276997612]}",Lysbüchel,Kindergarten,Voltastrasse 80,,,Kindergarten,,Voltastrasse,80,4056,Basel,+41 61 321 17 69,,,,,2610373.479000/1268943.275000,47.57111277,7.57648085764,0.0,0.3,1,,,,,,,,,,,,,1.3,0.19245003700962252
"47.5841522037,7.65326851754","{""type"": ""Point"", ""coordinates"": [7.653268517544134, 47.584152203670904]}",Primarstufe Burgstrasse,Kindergarten,Schmiedgasse A,,,,,Schmiedgasse,46,4125,Riehen,,,,,,,47.5841522037,7.65326851754,0.3,0.9,0,8.0,20.0,,,,+41 79 704 65 46,,,,,,,1.335,0.19763138415988157
"47.5467752902,7.56921609068","{""type"": ""Point"", ""coordinates"": [7.569216090680525, 47.54677529015579]}",Neubad,Kindergarten,Marschalkenstrasse 120,,,Kindergarten,,Marschalkenstrasse,120,4054,Basel,+41 61 208 51 24,,,,,2609831.304000/1266236.294000,47.5467752902,7.56921609068,0.0,0.4,1,,,,,,,,,,,,,1.4,0.20725388601036268
"47.5540173508,7.58454441802","{""type"": ""Point"", ""coordinates"": [7.584544418015112, 47.554017350752694]}",Peter,Kindergarten,Leonhardsstrasse 26,,,Kindergarten,,Leonhardsstrasse,26,4051,Basel,+41 61 271 33 54,,http://schulen.edubs.ch/ps/peter/kindergarten,,,2610983.749000/1267043.547000,47.5540173508,7.58454441802,0.2,1.1,0,,,,,,,,,,,,,1.41,0.2087342709104367
"47.5727557949,7.64432596421","{""type"": ""Point"", ""coordinates"": [7.644325964213788, 47.57275579492797]}",Primarstufe Wasserstelzen,Kindergarten,Kornfeldstrasse,,,,,Kornfeldstrasse,83,4125,Riehen,,,,,,,47.5727557949,7.64432596421,0.2,1.1,0,30.0,40.0,,,,+41 76 481 01 28,,,,,,,1.41,0.2087342709104367
"47.54014071,7.59492015088","{""type"": ""Point"", ""coordinates"": [7.594920150883183, 47.54014071004588]}",Brunnmatt,Kindergarten,J.J Balmer Strasse 9,,,Kindergarten,,J.J Balmer Strasse,9,4053,Basel,+41 61 331 19 00,,,,,2611767.796000/1265502.125000,47.54014071,7.59492015088,0.1,1.3000000000000005,0,,,,,,,,,,,,,1.4650000000000003,0.21687638786084387
"47.5453299726,7.56033297052","{""type"": ""Point"", ""coordinates"": [7.560332970523358, 47.54532997261192]}",Neubad,Kindergarten,In den Ziegelhöfen 101,,,Kindergarten,,In den Ziegelhöfen,101,4054,Basel,+41 61 302 10 82,,,,,2609162.820000/1266074.524000,47.5453299726,7.56033297052,0.5,0.7999999999999999,0,,,,,,,,,,,,,1.4999999999999998,0.22205773501110285
"47.5405604794,7.59952284577","{""type"": ""Point"", ""coordinates"": [7.599522845767578, 47.54056047936269]}",Thierstein,Kindergarten,Delsbergerallee 54,,,Kindergarten,,Delsbergerallee,54,4053,Basel,+41 61 331 58 50,,,,,2612114.240000/1265549.495000,47.5405604794,7.59952284577,0.3,1.1,0,,,,,,,,,,,,,1.5650000000000002,0.23168023686158404
"47.559141677,7.59692034548","{""type"": ""Point"", ""coordinates"": [7.596920345481876, 47.55914167699677]}",Theodor,Primarschule,Theodor,,,Sekretariat,,Theodorskirchplatz,3,4058,Basel,+41 61 208 54 26,,http://schulen.edubs.ch/ps/theodor,ps.theodor@bs.ch,Bauprojekt_Schulraum_641.pdf,2611914.152000/1267615.109000,47.559141677,7.59692034548,0.1,1.4000000000000004,0,,,,,,,,,,,,,1.5700000000000005,0.2324204293116211
"47.5638559517,7.59292283547","{""type"": ""Point"", ""coordinates"": [7.592922835465381, 47.56385595173452]}",Theodor,Kindergarten,Claragraben 117,,,Kindergarten,,Claragraben,117,4058,Basel,+41 61 691 08 07,,,,,2611612.260000/1268138.687000,47.5638559517,7.59292283547,1.0,0.4,0,,,,,,,,,,,,,1.6,0.2368615840118431
"47.5523831497,7.58056070155","{""type"": ""Point"", ""coordinates"": [7.580560701552933, 47.552383149704326]}",Peter,Kindergarten,Leimenstrasse 66,,,Kindergarten,,Leimenstrasse,66,4051,Basel,+41 61 281 68 84,,http://schulen.edubs.ch/ps/peter/kindergarten,,,2610684.218000/1266861.296000,47.5523831497,7.58056070155,0.4,1.0,0,,,,,,,,,,,,,1.6,0.2368615840118431
"47.5453877244,7.6014164314","{""type"": ""Point"", ""coordinates"": [7.601416431399479, 47.54538772435547]}",Sevogel,Kindergarten,Grosspeterstrasse 25,,,Kindergarten,,Grosspeterstrasse,25,4052,Basel,+41 61 311 08 22,,,,,2612255.700000/1266086.519000,47.5453877244,7.6014164314,0.0,0.6,1,,,,,,,,,,,,,1.6,0.2368615840118431
"47.56466764,7.5570996824","{""type"": ""Point"", ""coordinates"": [7.557099682398535, 47.56466763996884]}",Wasgenring,Kindergarten,Belforterstrasse 126a,,,Kindergarten,,Belforterstrasse,126a,4055,Basel,+41 61 382 86 50,,,,,2608916.185000/1268224.281000,47.56466764,7.5570996824,0.0,0.6,2,,,,,,,,,,,,,1.6,0.2368615840118431
"47.5719625668,7.59284052972","{""type"": ""Point"", ""coordinates"": [7.592840529722919, 47.571962566772925]}",Dreirosen,Primarschule,Horburg,,,Sekretariat,,Müllheimerstrasse,180,4057,Basel,+41 61 691 00 13,,http://schulen.edubs.ch/ps/dreirosen,ps.dreirosen@bs.ch,Bauprojekt_Schulraum_647.pdf,2611604.304000/1269040.041000,47.5719625668,7.59284052972,0.8,0.6,0,,,,,,,,,,,,,1.64,0.24278312361213913
"47.573169449,7.61121643657","{""type"": ""Point"", ""coordinates"": [7.61121643656584, 47.57316944899978]}",Schoren,Kindergarten,Schorenweg 81,,,Kindergarten,,Schorenweg,81,4058,Basel,+41 61 208 56 56,,http://schulen.edubs.ch/ps/hirzbrunnen/kindergaerten,,,2612986.712000/1269177.098000,47.573169449,7.61121643657,0.0,0.7,1,,,,,,,,,,,,,1.7,0.25166543301258326
"47.5338786116,7.58795014157","{""type"": ""Point"", ""coordinates"": [7.587950141565752, 47.53387861162233]}",Brunnmatt,Kindergarten,Hohe Winde Strasse 40,,,Kindergarten,,Hohe Winde Strasse,40,4053,Basel,+41 61 361 02 22,,,,,2611244.338000/1264804.840000,47.5338786116,7.58795014157,0.7,0.8,0,,,,,,,,,,,,,1.78,0.26350851221317545
"47.5653495809,7.6217583227","{""type"": ""Point"", ""coordinates"": [7.621758322701746, 47.56534958086531]}",Hirzbrunnen,Kindergarten,Allmendstrasse 134,,,Kindergarten,,Allmendstrasse,134,4058,Basel,+41 61 601 00 07,,http://schulen.edubs.ch/ps/hirzbrunnen/kindergaerten,,,2613781.942000/1268309.405000,47.5653495809,7.6217583227,0.4,1.2000000000000002,0,,,,,,,,,,,,,1.84,0.27239082161361955
"47.584122048,7.65337087121","{""type"": ""Point"", ""coordinates"": [7.653370871207882, 47.5841220480039]}",Primarstufe Erlensträsschen,Kindergarten,Schmiedgasse B,,,,,Schmiedgasse,46,4125,Riehen,,,,,,,47.584122048,7.65337087121,0.4,1.2000000000000002,0,14.0,16.0,,,,+41 79 704 65 09,,,,,,,1.84,0.27239082161361955
"47.5708812364,7.59748274005","{""type"": ""Point"", ""coordinates"": [7.597482740051673, 47.57088123641934]}",Dreirosen,Kindergarten,Riehenring 199,,,Kindergarten,,Riehenring,199,4057,Basel,+41 61 692 68 84,,,,,2611953.851000/1268920.502000,47.5708812364,7.59748274005,0.0,0.8999999999999999,1,,,,,,,,,,,,,1.9,0.28127313101406365
"47.5621638061,7.60884688258","{""type"": ""Point"", ""coordinates"": [7.608846882582406, 47.56216380613679]}",Vogelsang,Kindergarten,Wettsteinallee 153,,,Kindergarten,,Wettsteinallee,153,4058,Basel,+41 61 681 71 29,,,,,2612811.060000/1267953.005000,47.5621638061,7.60884688258,0.0,0.8999999999999999,1,,,,,,,,,,,,,1.9,0.28127313101406365
"47.5640022624,7.57111837917","{""type"": ""Point"", ""coordinates"": [7.571118379168576, 47.564002262399136]}",Isaak Iselin,Kindergarten,Burgfelderstrasse 48,,,Kindergarten,,Burgfelderstrasse,48,4055,Basel,+41 61 381 46 11,,,,,2609971.297000/1268151.974000,47.5640022624,7.57111837917,0.0,0.8999999999999999,1,,,,,,,,,,,,,1.9,0.28127313101406365
"47.5416295082,7.59582046187","{""type"": ""Point"", ""coordinates"": [7.595820461870918, 47.541629508244675]}",Thierstein,Primarschule,Thierstein,,,Sekretariat,,Bärschwilerstrasse,11,4053,Basel,+41 61 208 51 80,,http://schulen.edubs.ch/ps/thierstein,ps.thierstein@bs.ch,Bauprojekt_Schulraum_621.pdf,2611835.251000/1265667.796000,47.5416295082,7.59582046187,0.0,1.9,0,,,,,,,,,,,,,1.9,0.28127313101406365
"47.5673477215,7.56381014576","{""type"": ""Point"", ""coordinates"": [7.56381014575971, 47.567347721482946]}",Wasgenring,Kindergarten,Burgfelderstrasse 206,,,Kindergarten,,Burgfelderstrasse,206,4055,Basel,+41 61 322 05 40,,,,,2609420.714000/1268523.055000,47.5673477215,7.56381014576,0.2,0.7,1,,,,,,,,,,,,,1.97,0.29163582531458176
"47.5444506027,7.57898392212","{""type"": ""Point"", ""coordinates"": [7.578983922117392, 47.544450602714505]}",Margarethen,Kindergarten,Höhenweg 85,,,Kindergarten,,Höhenweg,85,4053,Basel,+41 61 272 26 60,,,,,2610567.097000/1265979.078000,47.5444506027,7.57898392212,0.0,1.0,2,,,,,,,,,,,,,2.0,0.29607698001480387
"47.5686783689,7.56844234559","{""type"": ""Point"", ""coordinates"": [7.568442345587222, 47.56867836892515]}",Isaak Iselin,Kindergarten,Luzernerring 83,,,Kindergarten,,Luzernerring,83,4055,Basel,+41 61 322 41 24,,,,,2609769.053000/1268671.571000,47.5686783689,7.56844234559,0.1,0.9,1,,,,,,,,,,,,,2.045,0.3027387120651369
"47.5504921208,7.62007143851","{""type"": ""Point"", ""coordinates"": [7.620071438506711, 47.550492120823165]}",Gellert,Kindergarten,Kastanienweg 7,,,Kindergarten,,Kastanienweg,7,4052,Basel,+41 61 312 89 10,,,,,2613658.799000/1266657.133000,47.5504921208,7.62007143851,0.0,2.1,0,,,,,,,,,,,,,2.1,0.31088082901554404
"47.5675523949,7.59594821614","{""type"": ""Point"", ""coordinates"": [7.59594821613539, 47.56755239486053]}",Bläsi,Kindergarten,Efringerstrasse 7,,,Kindergarten,,Efringerstrasse,7,4057,Basel,+41 61 692 00 18,,,,,2611839.121000/1268550.140000,47.5675523949,7.59594821614,0.0,1.2,1,,,,,,,,,,,,,2.2,0.32568467801628426
"47.5617383635,7.5636787716","{""type"": ""Point"", ""coordinates"": [7.563678771602197, 47.56173836346562]}",Isaak Iselin,Kindergarten,Blotzheimerstrasse 68,,,Kindergarten,,Blotzheimerstrasse,68,4055,Basel,+41 77 434 72 93,,,,,2609411.815000/1267899.341000,47.5617383635,7.5636787716,0.0,1.2000000000000002,1,,,,,,,,,,,,,2.2,0.32568467801628426
"47.5471374233,7.56850769561","{""type"": ""Point"", ""coordinates"": [7.56850769561434, 47.547137423339606]}",Neubad,Kindergarten,Kaltbrunnen-Promenade 85,,,Kindergarten,,Kaltbrunnen-Promenade,85,4054,Basel,+41 61 208 51 61,,,,,2609777.909000/1266276.471000,47.5471374233,7.56850769561,0.1,1.1,1,,,,,,,,,,,,,2.2550000000000003,0.3338267949666914
"47.5503602117,7.58313847487","{""type"": ""Point"", ""coordinates"": [7.58313847487095, 47.5503602117375]}",Peter,Kindergarten,Birsigstrasse 46,,,Kindergarten,,Birsigstrasse,46,4054,Basel,+41 61 281 56 01,,http://schulen.edubs.ch/ps/peter/kindergarten,,,2610878.667000/1266636.721000,47.5503602117,7.58313847487,0.5,1.5,0,,,,,,,,,,,,,2.375,0.3515914137675796
"47.5522426751,7.58385539828","{""type"": ""Point"", ""coordinates"": [7.583855398283516, 47.55224267508817]}",Peter,Kindergarten,Holbeinstrasse 54,,,Kindergarten,,Holbeinstrasse,54,4051,Basel,,,http://schulen.edubs.ch/ps/peter/kindergarten,,,2610932.249000/1266846.128000,47.5522426751,7.58385539828,0.6,1.4,0,,,,,,,,,,,,,2.42,0.3582531458179127
"47.5559681071,7.61415970627","{""type"": ""Point"", ""coordinates"": [7.614159706273568, 47.5559681070753]}",Gellert,Kindergarten,Zürcherstrasse 149,,,Kindergarten,,Zürcherstrasse,149,4052,Basel,+41 61 312 80 88,,,,,2613212.433000/1267264.991000,47.5559681071,7.61415970627,0.3,1.0,1,,,,,,,,,,,,,2.45,0.3626943005181347
"47.5688361928,7.60034956561","{""type"": ""Point"", ""coordinates"": [7.600349565613853, 47.56883619282456]}",Erlenmatt,Kindergarten,Erlenmattstrasse 6,,,Kindergarten,,Erlenmattstrasse,6,4058,Basel,,,,,,2612170.037000/1268693.554000,47.5688361928,7.60034956561,0.5,1.6,0,,,,,,,,,,,,,2.5,0.3700962250185048
"47.5653447733,7.58089879814","{""type"": ""Point"", ""coordinates"": [7.580898798142652, 47.56534477332276]}",St. Johann,Primarschule,St. Johann,,,Sekretariat,,Spitalstrasse,50,4056,Basel,+41 61 385 95 80,+41 61 385 95 85,http://schulen.edubs.ch/ps/stjohann,ps.stjohann@bs.ch,Bauprojekt_Schulraum_642.pdf,2610707.070000/1268302.527000,47.5653447733,7.58089879814,0.1,1.4,2,,,,,,,,,,,,,2.57,0.3804589193190229
"47.5518773195,7.61911232086","{""type"": ""Point"", ""coordinates"": [7.619112320859607, 47.55187731946681]}",Gellert,Kindergarten,Lehenmattstrasse 145,,,Kindergarten,,Lehenmattstrasse,145,4052,Basel,,,,,,2613586.248000/1266810.985000,47.5518773195,7.61911232086,0.2,1.3,1,,,,,,,,,,,,,2.63,0.389341228719467
"47.5673391914,7.58094879946","{""type"": ""Point"", ""coordinates"": [7.580948799458692, 47.56733919143576]}",St. Johann,Kindergarten,Elsässerstrasse 7,,,Kindergarten,,Elsässerstrasse,7,4056,Basel,+41 61 322 09 41,,,,,2610710.433000/1268524.291000,47.5673391914,7.58094879946,0.0,1.7,1,,,,,,,,,,,,,2.7,0.39970392301998525
"47.5632812857,7.59394813975","{""type"": ""Point"", ""coordinates"": [7.593948139746331, 47.56328128572662]}",Theodor,Kindergarten,Claragraben 96,,,Kindergarten,,Claragraben,96,4058,Basel,+41 61 691 01 70,,,,,2611689.547000/1268074.942000,47.5632812857,7.59394813975,0.7,1.5000000000000004,0,,,,,,,,,,,,,2.7250000000000005,0.4034048852701703
"47.5728455381,7.6328086525","{""type"": ""Point"", ""coordinates"": [7.632808652500348, 47.572845538058495]}",Primarstufe Niederholz,Kindergarten,Bäumlihof,,,,,Bäumlihofstrasse,428,4125,Riehen,,,,,,,47.5728455381,7.6328086525,0.5,1.0,1,29.0,8.0,,,,+41 79 704 89 07,,,,,,,2.75,0.4071058475203553
"47.565654203,7.58737009263","{""type"": ""Point"", ""coordinates"": [7.587370092633463, 47.56565420296726]}",Dreirosen,Kindergarten,Unterer Rheinweg 66,,,Kindergarten,,Unterer Rheinweg,66,4057,Basel,+41 61 692 10 04,,,,,2611194.001000/1268337.830000,47.565654203,7.58737009263,0.1,1.6000000000000003,2,,,,,,,,,,,,,2.78,0.41154700222057733
"47.5686396856,7.60066966093","{""type"": ""Point"", ""coordinates"": [7.600669660930413, 47.56863968556819]}",Erlenmatt,Kindergarten,Erlenstrasse 45,,,Kindergarten,,Erlenstrasse,45,4058,Basel,+41 61 681 01 88,,,,,2612194.169000/1268671.754000,47.5686396856,7.60066966093,0.5,1.9,0,,,,,,,,,,,,,2.875,0.4256106587712805
"47.5680724028,7.56160482694","{""type"": ""Point"", ""coordinates"": [7.561604826940646, 47.5680724027702]}",Wasgenring,Kindergarten,Burgfelderstrasse 231,,,Kindergarten,,Burgfelderstrasse,231,4055,Basel,+41 61 321 88 34,,,,,2609254.634000/1268603.371000,47.5680724028,7.56160482694,0.3,1.4,1,,,,,,,,,,,,,2.91,0.43079200592153966
"47.5495051579,7.56539833621","{""type"": ""Point"", ""coordinates"": [7.565398336212891, 47.54950515790555]}",Gotthelf,Kindergarten,Reiterstrasse 2,,,Kindergarten,,Reiterstrasse,2,4054,Basel,+41 61 301 56 00,,,,,2609543.412000/1266539.355000,47.5495051579,7.56539833621,0.2,1.6,1,,,,,,,,,,,,,2.96,0.4381939304219097
"47.5542800071,7.575952019","{""type"": ""Point"", ""coordinates"": [7.575952019001625, 47.55428000709046]}",Gotthelf,Kindergarten,Spalenring 160,,,Kindergarten,,Spalenring,160,4054,Basel,+41 61 301 25 15,,,,,2610336.941000/1267071.591000,47.5542800071,7.575952019,0.2,1.6,1,,,,,,,,,,,,,2.96,0.4381939304219097
"47.5675465627,7.57848487493","{""type"": ""Point"", ""coordinates"": [7.578484874931238, 47.567546562690026]}",St. Johann,Kindergarten,Lothringerstrasse 38,,,Kindergarten,,Lothringerstrasse,38,4056,Basel,+41 61 321 06 04,,,,,2610524.977000/1268547.017000,47.5675465627,7.57848487493,0.6,1.9000000000000004,0,,,,,,,,,,,,,3.0700000000000003,0.454478164322724
"47.5631354381,7.57108820701","{""type"": ""Point"", ""coordinates"": [7.571088207010609, 47.56313543810008]}",Isaak Iselin,Kindergarten,Strassburgerallee 65,,,Kindergarten,,Strassburgerallee,65,4055,Basel,+41 61 385 94 64,,,,,2609969.188000/1268055.589000,47.5631354381,7.57108820701,0.4,1.5,2,,,,,,,,,,,,,3.2,0.4737231680236862
"47.5632552143,7.59339267908","{""type"": ""Point"", ""coordinates"": [7.593392679080997, 47.56325521434835]}",Theodor,Kindergarten,Claragraben 105,,,Kindergarten,,Claragraben,105,4058,Basel,+41 61 681 17 19,,,,,2611647.750000/1268071.961000,47.5632552143,7.59339267908,1.5000000000000002,1.0,0,,,,,,,,,,,,,3.25,0.4811250925240563
"47.5679861586,7.57798717545","{""type"": ""Point"", ""coordinates"": [7.577987175447345, 47.567986158649774]}",St. Johann,Kindergarten,Ryffstrasse 31,,,Kindergarten,,Ryffstrasse,31,4056,Basel,+41 61 321 39 60,,,,,2610487.438000/1268595.829000,47.5679861586,7.57798717545,0.7,2.0000000000000004,0,,,,,,,,,,,,,3.4000000000000004,0.5033308660251666
"47.5633220036,7.59601720454","{""type"": ""Point"", ""coordinates"": [7.59601720454473, 47.5633220035854]}",Theodor,Kindergarten,Drahtzugstrasse 30,,,Kindergarten,,Drahtzugstrasse,30,4057,Basel,+41 61 681 01 16,,,,,2611845.251000/1268079.778000,47.5633220036,7.59601720454,1.3000000000000005,1.3000000000000005,0,,,,,,,,,,,,,3.4450000000000016,0.5099925980754999
"47.5702776247,7.63373756236","{""type"": ""Point"", ""coordinates"": [7.633737562359162, 47.57027762467752]}",Primarstufe Niederholz,Kindergarten,Niederholz C,,,,,Niederholzstrasse,141,4125,Riehen,,,,,,,47.5702776247,7.63373756236,0.4,2.0,2,26.0,36.0,,,,+41 79 561 61 57,,,,,,,3.8,0.5625462620281273
"47.542864028,7.59009871069","{""type"": ""Point"", ""coordinates"": [7.590098710690193, 47.54286402796965]}",Margarethen,Kindergarten,Dornacherstrasse 122,,,Kindergarten,,Dornacherstrasse,122,4053,Basel,+41 61 361 38 30,,,,,2611404.206000/1265804.217000,47.542864028,7.59009871069,0.3,2.2,1,,,,,,,,,,,,,3.83,0.5669874167283494
"47.5727032404,7.57579352077","{""type"": ""Point"", ""coordinates"": [7.575793520768888, 47.57270324036758]}",Lysbüchel,Kindergarten,Elsässerstrasse 131,,,Kindergarten,,Elsässerstrasse,131,4056,Basel,+41 61 321 00 25,,,,,2610321.452000/1269120.028000,47.5727032404,7.57579352077,0.4,2.1,2,,,,,,,,,,,,,3.92,0.5803108808290155
"47.539770312,7.59336213542","{""type"": ""Point"", ""coordinates"": [7.593362135415257, 47.53977031203863]}",Brunnmatt,Kindergarten,Ingelsteinweg 2,,,Kindergarten,,Ingelsteinweg,2,4053,Basel,+41 61 208 50 32,,,,,2611650.573000/1265460.710000,47.539770312,7.59336213542,0.4,2.3000000000000003,1,,,,,,,,,,,,,4.16,0.615840118430792
"47.5586111957,7.60417168017","{""type"": ""Point"", ""coordinates"": [7.604171680165262, 47.55861119569645]}",Theodor,Kindergarten,Grenzacherstrasse 106,,,Kindergarten,,Grenzacherstrasse,106,4058,Basel,+41 61 691 29 18,,,,,2612460.037000/1267557.246000,47.5586111957,7.60417168017,1.1,1.7000000000000002,2,,,,,,,,,,,,,4.735,0.7009622501850482
"47.5559648026,7.57591477646","{""type"": ""Point"", ""coordinates"": [7.575914776456521, 47.55596480259944]}",Gotthelf,Kindergarten,Spalenring 123,,,Kindergarten,,Spalenring,123,4054,Basel,+41 61 228 77 01,,,,,2610333.812000/1267258.916000,47.5559648026,7.57591477646,0.8999999999999999,2.5,1,,,,,,,,,,,,,5.525,0.8179126572908957
"47.5637598372,7.57895568903","{""type"": ""Point"", ""coordinates"": [7.578955689031758, 47.56375983717301]}",Peter,Kindergarten,Metzerstrasse 3,,,Kindergarten,,Metzerstrasse,3,4056,Basel,+41 61 321 10 07,,http://schulen.edubs.ch/ps/peter/kindergarten,,,2610561.155000/1268126.038000,47.5637598372,7.57895568903,1.3,2.7,2,,,,,,,,,,,,,6.755,1.0
