Geo Point,Geo Shape,SCHULSTAND,SCHULTYP,NAME,VORNAME_K,NACHNAME_K,FUNKTION,WEBSEITE,STRASSE,HAUSNUMMER,PLZ,ORTSCHAFT,TELEFON,FAX,WWW_LINK,EMAIL,PDF_REPORT,GEOMETRIE,lat,long,q_rating,w_rating,v_rating
"47.5328168425,7.58812240507","{""type"": ""Point"", ""coordinates"": [7.588122405069855, 47.532816842528575]}",Bruderholz,Kindergarten,Oberer Batterieweg 11,,,Kindergarten,,Oberer Batterieweg,11,4059,Basel,+41 61 361 75 10,,,,,2611257.533000/1264686.809000,47.5328168425,7.58812240507,0.0,0.3,1
"47.5297000669,7.60129433666","{""type"": ""Point"", ""coordinates"": [7.601294336664504, 47.52970006691722]}",Bruderholz,Kindergarten,Zur Gempenfluh 52,,,Kindergarten,,Zur Gempenfluh,52,4059,Basel,+41 61 331 44 67,,,,,2612250.106000/1264342.225000,47.5297000669,7.60129433666,0.2,0.8999999999999999,0
"47.5338786116,7.58795014157","{""type"": ""Point"", ""coordinates"": [7.587950141565752, 47.53387861162233]}",Brunnmatt,Kindergarten,Hohe Winde Strasse 40,,,Kindergarten,,Hohe Winde Strasse,40,4053,Basel,+41 61 361 02 22,,,,,2611244.338000/1264804.840000,47.5338786116,7.58795014157,0.7,0.8,0
"47.539770312,7.59336213542","{""type"": ""Point"", ""coordinates"": [7.593362135415257, 47.53977031203863]}",Brunnmatt,Kindergarten,Ingelsteinweg 2,,,Kindergarten,,Ingelsteinweg,2,4053,Basel,+41 61 208 50 32,,,,,2611650.573000/1265460.710000,47.539770312,7.59336213542,0.4,2.3000000000000003,1
"47.5351582089,7.59587644201","{""type"": ""Point"", ""coordinates"": [7.595876442012227, 47.53515820894282]}",Brunnmatt,Kindergarten,Schönenbergstrasse 24,,,Kindergarten,,Schönenbergstrasse,24,4053,Basel,+41 61 331 75 50,,,,,2611840.900000/1264948.275000,47.5351582089,7.59587644201,0.0,0.2,0
"47.5495051579,7.56539833621","{""type"": ""Point"", ""coordinates"": [7.565398336212891, 47.54950515790555]}",Gotthelf,Kindergarten,Reiterstrasse 2,,,Kindergarten,,Reiterstrasse,2,4054,Basel,+41 61 301 56 00,,,,,2609543.412000/1266539.355000,47.5495051579,7.56539833621,0.2,1.6,1
"47.5704979025,7.60880621089","{""type"": ""Point"", ""coordinates"": [7.608806210890156, 47.57049790249711]}",Schoren,Kindergarten,In den Schorenmatten 28,,,Kindergarten,,In den Schorenmatten,28,4058,Basel,+41 61 681 16 20,,http://schulen.edubs.ch/ps/hirzbrunnen/kindergaerten,,,2612805.999000/1268879.657000,47.5704979025,7.60880621089,0.2,0.5,0
"47.5640590227,7.62085567115","{""type"": ""Point"", ""coordinates"": [7.620855671152436, 47.564059022652785]}",Hirzbrunnen,Kindergarten,Wittlingerstrasse 176,,,Kindergarten,,Wittlingerstrasse,176,4058,Basel,+41 61 601 43 14,,http://schulen.edubs.ch/ps/hirzbrunnen/kindergaerten,,,2613714.345000/1268165.752000,47.5640590227,7.62085567115,0.0,0.0,0
"47.5437932386,7.58659099379","{""type"": ""Point"", ""coordinates"": [7.586590993785697, 47.543793238582296]}",Margarethen,Kindergarten,Gempenstrasse 43,,,Kindergarten,,Gempenstrasse,43,4053,Basel,+41 61 361 47 39,,,,,2611139.928000/1265907.033000,47.5437932386,7.58659099379,0.0,0.8,0
"47.5467546322,7.57366239791","{""type"": ""Point"", ""coordinates"": [7.573662397912356, 47.54675463220981]}",Neubad,Kindergarten,Bernerring 19,,,Kindergarten,,Bernerring,19,4054,Basel,+41 61 281 34 22,,,,,2610166.031000/1266234.560000,47.5467546322,7.57366239791,0.4,0.30000000000000004,0
"47.5488122026,7.56071253948","{""type"": ""Point"", ""coordinates"": [7.560712539480726, 47.54881220264787]}",Neubad,Kindergarten,General Guisan Strasse 180,,,Kindergarten,,General Guisan Strasse,180,4054,Basel,+41 61 301 77 37,,,,,2609190.797000/1266461.751000,47.5488122026,7.56071253948,0.2,0.30000000000000004,0
"47.5637598372,7.57895568903","{""type"": ""Point"", ""coordinates"": [7.578955689031758, 47.56375983717301]}",Peter,Kindergarten,Metzerstrasse 3,,,Kindergarten,,Metzerstrasse,3,4056,Basel,+41 61 321 10 07,,http://schulen.edubs.ch/ps/peter/kindergarten,,,2610561.155000/1268126.038000,47.5637598372,7.57895568903,1.3,2.7,2
"47.5453877244,7.6014164314","{""type"": ""Point"", ""coordinates"": [7.601416431399479, 47.54538772435547]}",Sevogel,Kindergarten,Grosspeterstrasse 25,,,Kindergarten,,Grosspeterstrasse,25,4052,Basel,+41 61 311 08 22,,,,,2612255.700000/1266086.519000,47.5453877244,7.6014164314,0.0,0.6,1
"47.5673391914,7.58094879946","{""type"": ""Point"", ""coordinates"": [7.580948799458692, 47.56733919143576]}",St. Johann,Kindergarten,Elsässerstrasse 7,,,Kindergarten,,Elsässerstrasse,7,4056,Basel,+41 61 322 09 41,,,,,2610710.433000/1268524.291000,47.5673391914,7.58094879946,0.0,1.7,1
"47.5657249025,7.5966785506","{""type"": ""Point"", ""coordinates"": [7.596678550601059, 47.565724902509444]}",Theodor,Kindergarten,Sperrstrasse  98,,,Kindergarten,,Sperrstrasse,98,4057,Basel,+41 61 692 75 77,,,,,2611894.487000/1268347.053000,47.5657249025,7.5966785506,0.0,0.2,0
"47.5429555959,7.59570082316","{""type"": ""Point"", ""coordinates"": [7.595700823162188, 47.542955595869884]}",Thierstein,Kindergarten,Tellstrasse 22,,,Kindergarten,,Tellstrasse,22,4053,Basel,+41 61 361 32 16,,,,,2611825.950000/1265815.223000,47.5429555959,7.59570082316,0.0,0.9,0
"47.5687458392,7.60304456365","{""type"": ""Point"", ""coordinates"": [7.603044563647966, 47.56874583920978]}",Vogelsang,Kindergarten,Schönaustrasse 67,,,Kindergarten,,Schönaustrasse,67,4058,Basel,+41 61 681 01 61,,,,,2612372.856000/1268683.927000,47.5687458392,7.60304456365,0.0,0.0,1
"47.5621638061,7.60884688258","{""type"": ""Point"", ""coordinates"": [7.608846882582406, 47.56216380613679]}",Vogelsang,Kindergarten,Wettsteinallee 153,,,Kindergarten,,Wettsteinallee,153,4058,Basel,+41 61 681 71 29,,,,,2612811.060000/1267953.005000,47.5621638061,7.60884688258,0.0,0.8999999999999999,1
"47.5673477215,7.56381014576","{""type"": ""Point"", ""coordinates"": [7.56381014575971, 47.567347721482946]}",Wasgenring,Kindergarten,Burgfelderstrasse 206,,,Kindergarten,,Burgfelderstrasse,206,4055,Basel,+41 61 322 05 40,,,,,2609420.714000/1268523.055000,47.5673477215,7.56381014576,0.2,0.7,1
"47.5617178464,7.59833227693","{""type"": ""Point"", ""coordinates"": [7.598332276930456, 47.56171784641503]}",Theodor,Kindergarten,Riehenstrasse 43,,,Kindergarten,,Riehenstrasse,43,4058,Basel,,,,,,2612019.839000/1267901.764000,47.5617178464,7.59833227693,0.0,0.0,0
"47.5688361928,7.60034956561","{""type"": ""Point"", ""coordinates"": [7.600349565613853, 47.56883619282456]}",Erlenmatt,Kindergarten,Erlenmattstrasse 6,,,Kindergarten,,Erlenmattstrasse,6,4058,Basel,,,,,,2612170.037000/1268693.554000,47.5688361928,7.60034956561,0.5,1.6,0
"47.5559648026,7.57591477646","{""type"": ""Point"", ""coordinates"": [7.575914776456521, 47.55596480259944]}",Gotthelf,Kindergarten,Spalenring 123,,,Kindergarten,,Spalenring,123,4054,Basel,+41 61 228 77 01,,,,,2610333.812000/1267258.916000,47.5559648026,7.57591477646,0.8999999999999999,2.5,1
"47.5653495809,7.6217583227","{""type"": ""Point"", ""coordinates"": [7.621758322701746, 47.56534958086531]}",Hirzbrunnen,Kindergarten,Allmendstrasse 134,,,Kindergarten,,Allmendstrasse,134,4058,Basel,+41 61 601 00 07,,http://schulen.edubs.ch/ps/hirzbrunnen/kindergaerten,,,2613781.942000/1268309.405000,47.5653495809,7.6217583227,0.4,1.2000000000000002,0
"47.5627273839,7.55677924895","{""type"": ""Point"", ""coordinates"": [7.556779248952429, 47.56272738385092]}",Wasgenring,Tagesstruktur,TS Bachgraben,,,Leitung Tagesstruktur,,Hegenheimermattweg,202,4123,Allschwil,+41 61 382 99 97,,,,,2608892.393000/1268008.510000,47.5627273839,7.55677924895,0.0,0.8999999999999999,2
"47.5394600739,7.59241599037","{""type"": ""Point"", ""coordinates"": [7.592415990369999, 47.53946007389109]}",Brunnmatt,Tagesstruktur,TS Brunnmatt,,,Tagesstruktur,,Ingelsteinweg,6,4053,Basel,+41 61 208 50 24,,,,,2611579.404000/1265426.076000,47.5394600739,7.59241599037,0.0,0.1,0
"47.5721008087,7.59268405521","{""type"": ""Point"", ""coordinates"": [7.592684055205632, 47.57210080873426]}",Dreirosen,Tagesstruktur,TS Horburg,,,Leitung Tagesstruktur,,Müllheimerstrasse,180,4057,Basel,+41 61 691 00 13,,,mariken.huber@bs.ch,,2611592.500000/1269055.389000,47.5721008087,7.59268405521,0.8999999999999999,0.5,0
"47.5656830948,7.58151240824","{""type"": ""Point"", ""coordinates"": [7.58151240823731, 47.565683094781186]}",St. Johann,Tagesstruktur,TS St. Johann,,,Leitung Tagesstruktur,,St.Johanns-Ring,17,4056,Basel,+41 79 401 42 58,,,ts_stjohann_vogesen@robi-spiel-aktionen.ch,,2610753.179000/1268340.228000,47.5656830948,7.58151240824,1.0,0.5,0
"47.5613287766,7.56116383947","{""type"": ""Point"", ""coordinates"": [7.561163839469155, 47.561328776640295]}",Wasgenring,Tagesstruktur,TS Wasgenring,,,Leitung Tagesstruktur,,Blotzheimerstrasse,82,4055,Basel,+41 61 385 90 42,,,,,2609222.612000/1267853.503000,47.5613287766,7.56116383947,0.0,0.3,0
"47.5545400058,7.58673247729","{""type"": ""Point"", ""coordinates"": [7.58673247728915, 47.554540005768665]}",Leonhard,Tagesstruktur,TS Leonhard,,,Sekretariat,,Leonhardsstrasse,15,4051,Basel,+41 78 758 24 21,,,christina.renz@bs.ch,,2611148.337000/1267101.967000,47.5545400058,7.58673247729,0.1,0.3,0
"47.5469570084,7.60490127846","{""type"": ""Point"", ""coordinates"": [7.60490127846389, 47.54695700840554]}",Fachmaturitätsschule,Tagesstruktur,Mensa FMS,,,,,Engelgasse,120,4052,Basel,,,,,,2612517.682000/1266261.552000,47.5469570084,7.60490127846,0.1,0.4,0
"47.5695767643,7.58724639777","{""type"": ""Point"", ""coordinates"": [7.587246397771751, 47.569576764330044]}",Theobald Baerwart,Tagesstruktur,TS Theobald Baerwart,,,Leitung Tagesstruktur,,Unterer Rheinweg,160,4057,Basel,+41 61 208 53 74,,,marcel.rapp@bs.ch,,2611183.871000/1268773.958000,47.5695767643,7.58724639777,0.30000000000000004,0.2,0
"47.570910921,7.60997127139","{""type"": ""Point"", ""coordinates"": [7.60997127138817, 47.570910921034056]}",Hirzbrunnen,Tagesstruktur,TS Schoren,,,Leitung Tagesstruktur,,Schorenweg,23,4058,Basel,+41 61 208 56 55,,,d.noser@robi-spiel-aktionen.ch,,2612893.567000/1268925.770000,47.570910921,7.60997127139,0.1,0.8,0
"47.5641711603,7.60835287615","{""type"": ""Point"", ""coordinates"": [7.608352876153639, 47.5641711602534]}",Sandgruben,Tagesstruktur,TS Sandgruben,,,Leitung Tagesstruktur,,Schwarzwaldallee,161,4058,Basel,+41 61 208 56 07,,,birgit.sutter@bs.ch,,2612773.401000/1268176.120000,47.5641711603,7.60835287615,0.0,0.6,0
"47.5626761894,7.56126482884","{""type"": ""Point"", ""coordinates"": [7.561264828835532, 47.56267618937754]}",Wasgenring,Primarschule,Wasgenring Nord,,,Schulleitung,,Welschmattstrasse,30,4055,Basel,+41 61 385 90 43,+41 61 385 90 45,http://schulen.edubs.ch/ps/wasgenring,ps.wasgenring@bs.ch,Bauprojekt_Schulraum_667.pdf,2609229.980000/1268003.332000,47.5626761894,7.56126482884,0.0,0.0,0
"47.5653447733,7.58089879814","{""type"": ""Point"", ""coordinates"": [7.580898798142652, 47.56534477332276]}",St. Johann,Primarschule,St. Johann,,,Sekretariat,,Spitalstrasse,50,4056,Basel,+41 61 385 95 80,+41 61 385 95 85,http://schulen.edubs.ch/ps/stjohann,ps.stjohann@bs.ch,Bauprojekt_Schulraum_642.pdf,2610707.070000/1268302.527000,47.5653447733,7.58089879814,0.1,1.4000000000000001,2
"47.569593894,7.58683920944","{""type"": ""Point"", ""coordinates"": [7.586839209440743, 47.56959389396558]}",Theobald Baerwart,Sekundarschule,Theobald Baerwart,,,Sekretariat,,Offenburgerstrasse,1,4057,Basel,+41 61 208 53 70,,http://www.sek-theobaldbaerwart.ch,sek.theobaldbaerwart@bs.ch,Bauprojekt_Schulraum_645.pdf,2611153.227000/1268775.805000,47.569593894,7.58683920944,0.0,0.2,0
"47.568208254,7.5928845163","{""type"": ""Point"", ""coordinates"": [7.592884516295729, 47.56820825398141]}",Bläsi,Primarschule,Bläsi,,,Sekretariat,,Müllheimerstrasse,94,4057,Basel,+41 61 666 61 21,+41 61 666 61 23,http://schulen.edubs.ch/ps/blaesi,ps.blaesi@bs.ch,Bauprojekt_Schulraum_648.pdf,2611608.430000/1268622.609000,47.568208254,7.5928845163,0.0,0.4,0
"47.5777714774,7.58880017888","{""type"": ""Point"", ""coordinates"": [7.588800178883796, 47.577771477401086]}",Insel,Primarschule,Insel,,,Sekretariat,,Inselstrasse,45,4057,Basel,+41 61 208 53 00,+41 61 208 53 01,http://secure.edubs.ch/schulen/ps/insel,ps.insel@bs.ch,Bauprojekt_Schulraum_654.pdf,2611299.057000/1269685.343000,47.5777714774,7.58880017888,0.0,0.1,0
"47.5642569087,7.60812269633","{""type"": ""Point"", ""coordinates"": [7.608122696333403, 47.56425690868818]}",Sandgruben,Sekundarschule,Sandgruben,,,Sekretariat,,Schwarzwaldallee,161,4058,Basel,+41 61 208 56 00,,http://www.sek-sandgruben.ch,sek.sandgruben@bs.ch,Bauprojekt_Schulraum_671.pdf,2612756.058000/1268185.617000,47.5642569087,7.60812269633,0.0,0.0,0
"47.54936836,7.6141512581","{""type"": ""Point"", ""coordinates"": [7.614151258104832, 47.54936836001918]}",Gellert,Primarschule,Gellert,,,Sekretariat,,Emanuel Büchel-Strasse,45,4052,Basel,+41 61 317 95 70,+41 61 317 95 75,http://schulen.edubs.ch/ps/gellert,ps.gellert@bs.ch,Bauprojekt_Schulraum_4082.pdf,2613213.431000/1266531.175000,47.54936836,7.6141512581,0.0,0.0,0
"47.546534293,7.60490075902","{""type"": ""Point"", ""coordinates"": [7.604900759019785, 47.54653429298075]}",Luftmatt,Fachmaturitätsschule,Fachmaturitätsschule Basel,,,Sekretariat,,Engelgasse,120,4052,Basel,+41 61 317 37 57,,,fms@bs.ch,Bauprojekt_Schulraum_622.pdf,2612517.742000/1266214.551000,47.546534293,7.60490075902,0.0,0.0,0
"47.5497380457,7.60307434307","{""type"": ""Point"", ""coordinates"": [7.603074343072116, 47.54973804569623]}",Sevogel,Primarschule,Sevogel,,,Sekretariat,,Sevogelstrasse,61,4052,Basel,+41 61 378 70 70,+41 61 378 70 78,http://schulen.edubs.ch/ps/sevogel,ps.sevogel@bs.ch,Bauprojekt_Schulraum_625.pdf,2612379.504000/1266570.482000,47.5497380457,7.60307434307,0.0,0.6,0
"47.5493832026,7.60047592297","{""type"": ""Point"", ""coordinates"": [7.600475922967301, 47.549383202649956]}",St. Alban,Sekundarschule,St. Alban,,,Sekretariat,,Engelgasse,40,4052,Basel,+41 61 208 54 80,,http://www.sek-st-alban.ch,sek.stalban@bs.ch,Bauprojekt_Schulraum_624.pdf,2612183.984000/1266530.623000,47.5493832026,7.60047592297,0.0,0.30000000000000004,0
"47.5532728654,7.58795436191","{""type"": ""Point"", ""coordinates"": [7.587954361909143, 47.553272865385736]}",Holbein,Berufsfachschule,Berufsfachschule Basel,,,Sekretariat,,Kohlenberggasse,10,4051,Basel,+41 61 267 55 00,,http://www.bfsbs.ch,bfs@edubs.ch,,2611240.575000/1266961.249000,47.5532728654,7.58795436191,0.0,0.4,0
"47.5544395823,7.58661158016","{""type"": ""Point"", ""coordinates"": [7.586611580158682, 47.554439582307744]}",Leonhard,Sekundarschule,SEK Leonhard,,,Sekretariat,,Leonhardsstrasse,15,4051,Basel,+41 61 267 55 60,+41 61 267 55 62,http://www.sek-leonhard.ch,sek.leonhard@bs.ch,Bauprojekt_Schulraum_631.pdf,2611139.258000/1267090.784000,47.5544395823,7.58661158016,0.1,0.8,0
"47.556682771,7.59062523145","{""type"": ""Point"", ""coordinates"": [7.59062523144508, 47.556682771038396]}",Peter,Primarschule,Münster Primar,,,Sekretariat,,Münsterplatz,18,4051,Basel,+41 61 267 81 90,,http://schulen.edubs.ch/ps/peter,ps.muensterplatz@bs.ch,Bauprojekt_Schulraum_633.pdf,2611440.886000/1267340.775000,47.556682771,7.59062523145,0.0,0.0,0
"47.5416295082,7.59582046187","{""type"": ""Point"", ""coordinates"": [7.595820461870918, 47.541629508244675]}",Thierstein,Primarschule,Thierstein,,,Sekretariat,,Bärschwilerstrasse,11,4053,Basel,+41 61 208 51 80,,http://schulen.edubs.ch/ps/thierstein,ps.thierstein@bs.ch,Bauprojekt_Schulraum_621.pdf,2611835.251000/1265667.796000,47.5416295082,7.59582046187,0.0,1.9000000000000001,0
"47.569016228,7.60047314174","{""type"": ""Point"", ""coordinates"": [7.60047314173752, 47.56901622797366]}",Erlenmatt,Primarschule,Erlenmatt,,,Sekretariat,,Erlenmattstrasse,6,4058,Basel,+41 61 208 60 30,,http://schulen.edubs.ch/ps/erlenmatt/kontakt-1,ps.erlenmatt@bs.ch,Bauprojekt_Schulraum_6624.pdf,2612179.295000/1268713.591000,47.569016228,7.60047314174,0.0,0.0,0
"47.5625994343,7.55656179554","{""type"": ""Point"", ""coordinates"": [7.55656179554015, 47.562599434312226]}",Wasgenring,Spezialangebot,SPA Bachgraben,,,Sekretariat,,Hegenheimermattweg,202,4123,Allschwil,+41 61 208 51 04,+41 61 381 30 48,http://schulen.edubs.ch/ps/wasgenring,spa-schulhaus-bachgraben@bs.ch,Bauprojekt_Schulraum_3968.pdf,2608876.049000/1267994.259000,47.5625994343,7.55656179554,0.0,0.3,1
"47.5648082592,7.60739796234","{""type"": ""Point"", ""coordinates"": [7.607397962336219, 47.564808259191274]}",Sandgruben,Spezialangebot,Sandgruben I,,,Sekretariat,,Schwarzwaldallee,161,4058,Basel,+41 61 690 90 50,,http://www.sek-sandgruben.ch,christian.humm@bs.ch,Bauprojekt_Schulraum_974.pdf,2612701.386000/1268246.804000,47.5648082592,7.60739796234,0.0,0.0,0
"47.5732036784,7.61144733109","{""type"": ""Point"", ""coordinates"": [7.611447331094895, 47.573203678446184]}",Hirzbrunnen,Primarschule,Altbau Schoren,,,Sekretariat,,Schorenweg,81,4058,Basel,+41 61 681 11 18,+41 61 681 41 60,http://schulen.edubs.ch/ps/schoren,ps.schoren@bs.ch,Bauprojekt_Schulraum_665.pdf,2613004.077000/1269180.942000,47.5732036784,7.61144733109,0.0,0.5,0
"47.573169449,7.61121643657","{""type"": ""Point"", ""coordinates"": [7.61121643656584, 47.57316944899978]}",Schoren,Kindergarten,Schorenweg 81,,,Kindergarten,,Schorenweg,81,4058,Basel,+41 61 208 56 56,,http://schulen.edubs.ch/ps/hirzbrunnen/kindergaerten,,,2612986.712000/1269177.098000,47.573169449,7.61121643657,0.0,0.7,1
"47.572069688,7.59919018582","{""type"": ""Point"", ""coordinates"": [7.599190185820103, 47.57206968802079]}",Erlenmatt,Kindergarten,Tangentenweg 50,,,Kindergarten,,Tangentenweg,50,4057,Basel,,,http://schulen.edubs.ch/ps/erlenmatt/kindergarten/tangentenweg,seda.kasan@edubs.ch,,2612082.062000/1269052.905000,47.572069688,7.59919018582,0.0,0.0,0
"47.561934195,7.58007210646","{""type"": ""Point"", ""coordinates"": [7.58007210646179, 47.561934194975045]}",St. Johann,Kindergarten,Maiengasse 7/11,,,Kindergarten,,Maiengasse,7/11,4056,Basel,,,,,,2610645.537000/1267923.197000,47.561934195,7.58007210646,0.0,0.7999999999999999,0
"47.527587338,7.59059994547","{""type"": ""Point"", ""coordinates"": [7.590599945473524, 47.527587338005915]}",Bruderholz,Kindergarten,Biascastrasse 22,,,Kindergarten,,Biascastrasse,22,4059,Basel,,,,,,2611445.214000/1264105.710000,47.527587338,7.59059994547,0.1,0.5,0
"47.5658569305,7.62364388518","{""type"": ""Point"", ""coordinates"": [7.623643885178764, 47.565856930481466]}",,Spezialangebot,KIS Olsberg,Markus,Dörig,Leiter KIS-Angebote,,Olsbergerweg,25-27,4058,Basel,+41 61 601 14 13,,https://www.edubs.ch/dienste/Dienste_VS/kis/die-kis-angebote,kis.olsberg@edubs.ch,,2613923.707000/1268366.148000,47.5658569305,7.62364388518,0.2,0.4,0
"47.5687606665,7.59260437113","{""type"": ""Point"", ""coordinates"": [7.592604371127972, 47.56876066645007]}",,Spezialangeobt,KIS Bläsi,Markus,Dörig,Leiter KIS-Angebote,,Bläsiring,103,4057,Basel,+41 61 683 74 80,+41 61 683 74 81,https://www.edubs.ch/dienste/Dienste_VS/kis/die-kis-angebote,kis.blaesi@edubs.ch,,2611587.229000/1268683.990000,47.5687606665,7.59260437113,0.4,1.0,0
"47.5518773195,7.61911232086","{""type"": ""Point"", ""coordinates"": [7.619112320859607, 47.55187731946681]}",Gellert,Kindergarten,Lehenmattstrasse 145,,,Kindergarten,,Lehenmattstrasse,145,4052,Basel,,,,,,2613586.248000/1266810.985000,47.5518773195,7.61911232086,0.2,1.3,1
"47.5496026934,7.62099699754","{""type"": ""Point"", ""coordinates"": [7.620996997538763, 47.54960269340124]}",,Spielgruppe mit früher Deutschförderung,Strizzi,Martha,Bohren,,,Lehenmattstrasse,202,4052,Basel,+41 76 341 57 44,,,martha.bohren@sunrise.ch,,2613728.700000/1266558.400000,47.5496026934,7.62099699754,0.0,0.6,1
"47.5655383689,7.59324183118","{""type"": ""Point"", ""coordinates"": [7.593241831176214, 47.56553836890609]}",,Spielgruppe mit früher Deutschförderung,Spielgärtli,Ursula,Harter,,,Müllheimerstrasse,45,4057,Basel,+41 76 380 19 35,,,info@spielgärtli.ch,,2611635.900000/1268325.800000,47.5655383689,7.59324183118,0.4,0.5,0
"47.580840917,7.59134684147","{""type"": ""Point"", ""coordinates"": [7.591346841474397, 47.58084091698542]}",,Spielgruppe mit früher Deutschförderung,Schmätterling,Nicole,Schlaich,,,Kleinhüningerstrasse,205,4057,Basel,+41 79 299 66 14,,,schlaich.grossenbacher@gmx.ch,,2611490.000000/1270027.000000,47.580840917,7.59134684147,0.0,0.4,0
"47.5684932395,7.60085833191","{""type"": ""Point"", ""coordinates"": [7.600858331905681, 47.56849323949692]}",,Spielgruppe mit früher Deutschförderung,Erlenmatt,Sabin,Guittard,,,Erlenstrasse,44,4058,Basel,+41 76 219 79 78,,,spielgruppe.erlenmatt@gmail.com,,2612208.400000/1268655.500000,47.5684932395,7.60085833191,0.5,1.3,0
"47.5502574364,7.61277484694","{""type"": ""Point"", ""coordinates"": [7.612774846941236, 47.55025743644238]}",,Spielgruppe mit früher Deutschförderung,Bärli,Pia,Dinkel,,,Emanuel Büchel-Strasse,16,4052,Basel,+41 76 322 31 00,,www.spielgruppe-baerli.ch/,pia.dinkel@icloud.com,,2613109.600000/1266629.800000,47.5502574364,7.61277484694,0.0,0.1,0
"47.5445700982,7.58722371531","{""type"": ""Point"", ""coordinates"": [7.587223715305484, 47.54457009820872]}",,Spielgruppe mit früher Deutschförderung,ABSM,Arijanita,Muæ#167;a,,,Gempenstr.,27,4053,Basel,+41 61 361 85 88,,www.absm.ch,info@absm.ch,,2611187.400000/1265993.500000,47.5445700982,7.58722371531,0.30000000000000004,1.5000000000000002,1
"47.5704035052,7.57562213682","{""type"": ""Point"", ""coordinates"": [7.575622136819749, 47.57040350516789]}",,Spielgruppe mit früher Deutschförderung,Äntli,Brigitte,Baier,,,Lothringerstrasse,110,4056,Basel,+41 61 322 12 32,,,b.baier@bluewin.ch,,2610309.000000/1268864.300000,47.5704035052,7.57562213682,0.0,0.5,0
"47.5677499083,7.59460103497","{""type"": ""Point"", ""coordinates"": [7.594601034973029, 47.56774990831838]}",,Spielgruppe mit früher Deutschförderung,Kindsgi Glaibasel,Ulrike,Sturm,,,Oetlingerstrasse,160,4057,Basel,+41 61 691 47 60,,www.kindsgi-glaibasel.ch,info@kindsgi-glaibasel.ch,,2611737.700000/1268571.900000,47.5677499083,7.59460103497,0.4,0.5,0
"47.5436573103,7.59405648781","{""type"": ""Point"", ""coordinates"": [7.594056487813871, 47.543657310277815]}",,Spielgruppe mit früher Deutschförderung,Kompass 32,Rea,Buner,,,Bruderholzstrasse,32,4053,Basel,+41 79 919 63 25,,www.kompass32.ch,info@kompass32.ch,,2611702.000000/1265893.000000,47.5436573103,7.59405648781,0.0,1.0,0
"47.5699860826,7.63589496883","{""type"": ""Point"", ""coordinates"": [7.635894968829914, 47.56998608257728]}",,Spielgruppe mit früher Deutschförderung,Hampelmaa,Valérie,"Ferrari-Genton,",,,Bluttrainweg,12,4125,Riehen,+41 76 721 61 25,,www.gegenseitigehilfe.ch/spielgruppe,hampelmaa@gegenseitigehilfe.ch,,2614844.500000/1268827.500000,47.5699860826,7.63589496883,0.0,0.2,0
"47.5416298155,7.58879612703","{""type"": ""Point"", ""coordinates"": [7.588796127028303, 47.5416298155459]}",,Spielgruppe mit früher Deutschförderung,K5,Judith,Messerli,,,Gundeldingerstrasse,161,4053,Basel,+41 61 365 90 20,,www.k5kurszentrum.ch,jmesserli@k5kurszentrum.ch,,2611306.400000/1265666.800000,47.5416298155,7.58879612703,0.7999999999999999,2.5,1
"47.5660057286,7.59211766038","{""type"": ""Point"", ""coordinates"": [7.592117660381941, 47.566005728550856]}",,Spielgruppe mit früher Deutschförderung,Makly's Spielgruppe,Mireille,Lingg,,,Claragraben,158,4057,Basel,+41 61 691 70 08,,,makly@qtp-basel.ch,,2611551.200000/1268377.600000,47.5660057286,7.59211766038,0.5,1.2000000000000002,1
"47.5612112493,7.5707647067","{""type"": ""Point"", ""coordinates"": [7.570764706699616, 47.561211249345675]}",,Spielgruppe mit früher Deutschförderung,Wunderland,Naciye,Kocabas,,,Habsburgerstrasse,38,4055,Basel,+41 79 416 67 74,,,info@wunderlandbasel.ch,,2609945.200000/1267841.600000,47.5612112493,7.5707647067,0.6,0.5,0
"47.5853624406,7.65080307157","{""type"": ""Point"", ""coordinates"": [7.650803071574382, 47.58536244061841]}",,Spielgruppe mit früher Deutschförderung,Zottelbärli,Jessica,Thompson,,,Schopfgässchen,8,4125,Riehen,+41 76 588 34 78,,www.zottelbaerli.ch,info@zottelbaerli.ch,,2615961.700000/1270540.100000,47.5853624406,7.65080307157,0.0,1.4000000000000004,0
"47.5400945949,7.59759503887","{""type"": ""Point"", ""coordinates"": [7.597595038872278, 47.54009459486728]}",,Spielgruppe mit früher Deutschförderung,Schatzinsel,Katrin,Wendland,,,Laufenstrasse,70,4053,Basel,+41 77 492 97 31,,,sgschatzinsel@gmail.com,,2611969.200000/1265497.400000,47.5400945949,7.59759503887,0.0,0.7,0
"47.5614168333,7.56375887238","{""type"": ""Point"", ""coordinates"": [7.563758872380738, 47.56141683332133]}",,Spielgruppe mit früher Deutschförderung,Rägeboge,Serap,Atalar,,,Blotzheimerstrasse,66,4055,Basel,+41 76 430 73 03,,,atalar-serap@hotmail.com,,2609417.900000/1267863.600000,47.5614168333,7.56375887238,1.2000000000000002,2.6,2
"47.569189245,7.59275257189","{""type"": ""Point"", ""coordinates"": [7.592752571890357, 47.56918924501053]}",Bläsi,Kindergarten,Amerbachstrasse 52,,,Kindergarten,,Amerbachstrasse,52,4057,Basel,+41 61 683 57 27,,,,,2611598.288000/1268731.665000,47.569189245,7.59275257189,0.4,0.4,0
"47.5656504297,7.59721181442","{""type"": ""Point"", ""coordinates"": [7.597211814420366, 47.56565042971569]}",Theodor,Kindergarten,Sperrstrasse 104a,,,Kindergarten,,Sperrstrasse,104a,4057,Basel,+41 61 681 03 97,,,,,2611934.634000/1268338.853000,47.5656504297,7.59721181442,0.0,0.5,0
"47.5324778166,7.59691484142","{""type"": ""Point"", ""coordinates"": [7.596914841416418, 47.53247781660629]}",Bruderholz,Kindergarten,Fritz Hauser Strasse 20,,,Kindergarten,,Fritz Hauser Strasse,20,4059,Basel,+41 61 361 84 42,,,,,2611919.687000/1264650.405000,47.5324778166,7.59691484142,0.0,0.4,0
"47.5701806427,7.59423815943","{""type"": ""Point"", ""coordinates"": [7.59423815942777, 47.57018064271006]}",Dreirosen,Kindergarten,Markgräflerstrasse 49,,,Kindergarten,,Markgräflerstrasse,49,4057,Basel,+41 61 691 39 20,,,,,2611709.860000/1268842.117000,47.5701806427,7.59423815943,0.0,0.1,0
"47.553736567,7.61427492324","{""type"": ""Point"", ""coordinates"": [7.614274923242674, 47.553736566998545]}",Gellert,Kindergarten,Lehenmattstrasse 54,,,Kindergarten,,Lehenmattstrasse,54,4052,Basel,+41 61 311 94 20,,,,,2613221.658000/1267016.889000,47.553736567,7.61427492324,0.4,0.5,0
"47.5527579284,7.61793432467","{""type"": ""Point"", ""coordinates"": [7.617934324667344, 47.55275792840632]}",Gellert,Kindergarten,Nasenweg 13,,,Kindergarten,,Nasenweg,13,4052,Basel,+41 61 312 27 28,,,,,2613497.353000/1266908.696000,47.5527579284,7.61793432467,0.0,0.7,0
"47.5565960861,7.5696706901","{""type"": ""Point"", ""coordinates"": [7.569670690103572, 47.556596086117395]}",Gotthelf,Kindergarten,Allschwilerplatz 9,,,Kindergarten,,Allschwilerplatz,9,4054,Basel,+41 61 301 42 39,,,,,2609863.715000/1267328.309000,47.5565960861,7.5696706901,0.0,0.2,0
"47.5588255748,7.56820698075","{""type"": ""Point"", ""coordinates"": [7.568206980752652, 47.558825574830315]}",Gotthelf,Kindergarten,Bündnerstrasse 38,,,Kindergarten,,Bündnerstrasse,38,4054,Basel,+41 61 301 14 89,,,,,2609753.139000/1267576.021000,47.5588255748,7.56820698075,0.2,0.7,0
"47.5631912319,7.61523723342","{""type"": ""Point"", ""coordinates"": [7.615237233417858, 47.563191231857644]}",Hirzbrunnen,Kindergarten,Magdenstrasse 19,,,Kindergarten,,Magdenstrasse,19,4058,Basel,+41 61 601 44 05,,http://schulen.edubs.ch/ps/hirzbrunnen/kindergaerten,,,2613291.737000/1268068.301000,47.5631912319,7.61523723342,0.0,0.2,0
"47.5686783689,7.56844234559","{""type"": ""Point"", ""coordinates"": [7.568442345587222, 47.56867836892515]}",Isaak Iselin,Kindergarten,Luzernerring 83,,,Kindergarten,,Luzernerring,83,4055,Basel,+41 61 322 41 24,,,,,2609769.053000/1268671.571000,47.5686783689,7.56844234559,0.1,0.9,1
"47.5841473039,7.59237553453","{""type"": ""Point"", ""coordinates"": [7.592375534532086, 47.584147303905695]}",Kleinhüningen,Kindergarten,Dorfstrasse 51,,,Kindergarten,,Dorfstrasse,51,4057,Basel,+41 61 208 53 37,,,,,2611566.675000/1270394.786000,47.5841473039,7.59237553453,0.0,0.30000000000000004,0
"47.5830266002,7.59147660964","{""type"": ""Point"", ""coordinates"": [7.591476609635107, 47.583026600171344]}",Kleinhüningen,Kindergarten,Pfarrgasse 11,,,Kindergarten,,Pfarrgasse,11,4057,Basel,+41 61 631 06 95,,,,,2611499.292000/1270270.044000,47.5830266002,7.59147660964,0.1,0.4,0
"47.5473240549,7.60329840302","{""type"": ""Point"", ""coordinates"": [7.603298403017194, 47.547324054852865]}",Sevogel,Kindergarten,Andreas Heusler-Strasse 41,,,Kindergarten,,Andreas Heusler-Strasse,41,4052,Basel,+41 61 311 39 93,,,,,2612396.931000/1266302.110000,47.5473240549,7.60329840302,0.0,0.0,0
"47.5632812857,7.59394813975","{""type"": ""Point"", ""coordinates"": [7.593948139746331, 47.56328128572662]}",Theodor,Kindergarten,Claragraben 96,,,Kindergarten,,Claragraben,96,4058,Basel,+41 61 691 01 70,,,,,2611689.547000/1268074.942000,47.5632812857,7.59394813975,0.7,1.5000000000000004,0
"47.5675523949,7.59594821614","{""type"": ""Point"", ""coordinates"": [7.59594821613539, 47.56755239486053]}",Bläsi,Kindergarten,Efringerstrasse 7,,,Kindergarten,,Efringerstrasse,7,4057,Basel,+41 61 692 00 18,,,,,2611839.121000/1268550.140000,47.5675523949,7.59594821614,0.0,1.2,1
"47.54014071,7.59492015088","{""type"": ""Point"", ""coordinates"": [7.594920150883183, 47.54014071004588]}",Brunnmatt,Kindergarten,J.J Balmer Strasse 9,,,Kindergarten,,J.J Balmer Strasse,9,4053,Basel,+41 61 331 19 00,,,,,2611767.796000/1265502.125000,47.54014071,7.59492015088,0.1,1.3000000000000003,0
"47.5698630846,7.58896740469","{""type"": ""Point"", ""coordinates"": [7.588967404686323, 47.56986308457453]}",Dreirosen,Kindergarten,Breisacherstrasse 134,,,Kindergarten,,Breisacherstrasse,134,4057,Basel,+41 61 208 50 75,,,,,2611313.314000/1268806.039000,47.5698630846,7.58896740469,0.1,0.2,0
"47.5710564957,7.59420257111","{""type"": ""Point"", ""coordinates"": [7.594202571112222, 47.57105649574271]}",Dreirosen,Kindergarten,Horburgstrasse 51,,,Kindergarten,,Horburgstrasse,51,4057,Basel,+41 61 681 32 59,,,,,2611706.990000/1268939.497000,47.5710564957,7.59420257111,0.0,0.0,1
"47.5629576952,7.59114642546","{""type"": ""Point"", ""coordinates"": [7.591146425456586, 47.562957695208375]}",Dreirosen,Kindergarten,Kasernenstrasse 25,,,Kindergarten,,Kasernenstrasse,25,4057,Basel,+41 61 681 71 72,,,,,2611478.766000/1268038.551000,47.5629576952,7.59114642546,0.1,0.7,0
"47.5708812364,7.59748274005","{""type"": ""Point"", ""coordinates"": [7.597482740051673, 47.57088123641934]}",Dreirosen,Kindergarten,Riehenring 199,,,Kindergarten,,Riehenring,199,4057,Basel,+41 61 692 68 84,,,,,2611953.851000/1268920.502000,47.5708812364,7.59748274005,0.0,0.8999999999999999,1
"47.5500318889,7.61494561379","{""type"": ""Point"", ""coordinates"": [7.614945613785164, 47.550031888852246]}",Gellert,Kindergarten,Gellertstrasse 110,,,Kindergarten,,Gellertstrasse,110,4052,Basel,+41 61 312 87 78,,,,,2613273.063000/1266605.085000,47.5500318889,7.61494561379,0.0,0.30000000000000004,0
"47.5544321855,7.60561936511","{""type"": ""Point"", ""coordinates"": [7.605619365105182, 47.55443218554726]}",Gellert,Kindergarten,In den Klosterreben 17,,,Kindergarten,,In den Klosterreben,17,4052,Basel,+41 61 311 00 64,,,,,2612569.980000/1267092.818000,47.5544321855,7.60561936511,0.1,0.2,0
"47.5504921208,7.62007143851","{""type"": ""Point"", ""coordinates"": [7.620071438506711, 47.550492120823165]}",Gellert,Kindergarten,Kastanienweg 7,,,Kindergarten,,Kastanienweg,7,4052,Basel,+41 61 312 89 10,,,,,2613658.799000/1266657.133000,47.5504921208,7.62007143851,0.0,2.1,0
"47.5459086732,7.62004722046","{""type"": ""Point"", ""coordinates"": [7.62004722045713, 47.54590867317389]}",Gellert,Kindergarten,Lehenmattstrasse 290,,,Kindergarten,,Lehenmattstrasse,290,4052,Basel,+41 61 311 95 81,,,,,2613658.149000/1266147.504000,47.5459086732,7.62004722046,0.2,0.6,0
"47.5498545413,7.61174452865","{""type"": ""Point"", ""coordinates"": [7.611744528649153, 47.54985454129362]}",Gellert,Kindergarten,Rennweg 89,,,Kindergarten,,Rennweg,89,4052,Basel,+41 61 311 77 70,,,,,2613032.140000/1266584.832000,47.5498545413,7.61174452865,0.1,0.30000000000000004,0
"47.5503388556,7.56791110946","{""type"": ""Point"", ""coordinates"": [7.567911109455701, 47.550338855590894]}",Gotthelf,Kindergarten,Bristenweg 4,,,Kindergarten,,Bristenweg,4,4054,Basel,+41 61 302 11 49,,,,,2609732.415000/1266632.359000,47.5503388556,7.56791110946,0.1,1.1,0
"47.5533330153,7.56248157488","{""type"": ""Point"", ""coordinates"": [7.562481574882833, 47.55333301526893]}",Gotthelf,Kindergarten,Im langen Loh 101,,,Kindergarten,,Im langen Loh,101,4054,Basel,+41 61 302 98 59,,,,,2609323.179000/1266964.620000,47.5533330153,7.56248157488,0.0,0.1,0
"47.5767490106,7.59033163527","{""type"": ""Point"", ""coordinates"": [7.590331635270836, 47.57674901059624]}",Insel,Kindergarten,Inselstrasse 66,,,Kindergarten,,Inselstrasse,66,4057,Basel,+41 61 631 01 55,,,,,2611414.498000/1269571.876000,47.5767490106,7.59033163527,0.0,0.0,0
"47.578889113,7.59140868615","{""type"": ""Point"", ""coordinates"": [7.59140868615305, 47.57888911302623]}",Insel,Kindergarten,Kleinhüningerstrasse 152,,,Kindergarten,,Kleinhüningerstrasse,152,4057,Basel,+41 61 631 05 34,,,,,2611495.073000/1269809.989000,47.578889113,7.59140868615,0.0,0.0,0
"47.5786616031,7.59158494532","{""type"": ""Point"", ""coordinates"": [7.591584945319897, 47.578661603090815]}",Insel,Kindergarten,Kleinhüningerstrasse 154,,,Kindergarten,,Kleinhüningerstrasse,154,4057,Basel,+41 61 631 41 74,,,,,2611508.383000/1269784.718000,47.5786616031,7.59158494532,0.0,0.0,1
"47.5786985303,7.58936863379","{""type"": ""Point"", ""coordinates"": [7.589368633786232, 47.578698530317936]}",Insel,Kindergarten,Rastatterstrasse 32,,,Sekretariat,,Rastatterstrasse,32,4057,Basel,+41 61 639 93 00,,,,,2611341.629000/1269788.503000,47.5786985303,7.58936863379,0.0,0.0,0
"47.5640022624,7.57111837917","{""type"": ""Point"", ""coordinates"": [7.571118379168576, 47.564002262399136]}",Isaak Iselin,Kindergarten,Burgfelderstrasse 48,,,Kindergarten,,Burgfelderstrasse,48,4055,Basel,+41 61 381 46 11,,,,,2609971.297000/1268151.974000,47.5640022624,7.57111837917,0.0,0.8999999999999999,1
"47.564685307,7.57445836927","{""type"": ""Point"", ""coordinates"": [7.574458369268219, 47.564685307011544]}",Isaak Iselin,Kindergarten,Mittlere Strasse 153,,,Kindergarten,,Mittlere Strasse,153,4056,Basel,+41 61 321 58 17,,,,,2610222.523000/1268228.348000,47.564685307,7.57445836927,0.2,0.7,0
"47.5580398233,7.57653543792","{""type"": ""Point"", ""coordinates"": [7.576535437918548, 47.558039823344586]}",Isaak Iselin,Kindergarten,Nonnenweg 32,,,Kindergarten,,Nonnenweg,32,4055,Basel,+41 61 272 68 33,,,,,2610380.125000/1267489.716000,47.5580398233,7.57653543792,0.0,0.4,0
"47.5808483315,7.59044859734","{""type"": ""Point"", ""coordinates"": [7.590448597342714, 47.58084833154457]}",Kleinhüningen,Kindergarten,Giessliweg 61,,,Kindergarten,,Giessliweg,61,4057,Basel,+41 61 631 54 64,,,,,2611422.421000/1270027.694000,47.5808483315,7.59044859734,0.0,0.0,0
"47.542864028,7.59009871069","{""type"": ""Point"", ""coordinates"": [7.590098710690193, 47.54286402796965]}",Margarethen,Kindergarten,Dornacherstrasse 122,,,Kindergarten,,Dornacherstrasse,122,4053,Basel,+41 61 361 38 30,,,,,2611404.206000/1265804.217000,47.542864028,7.59009871069,0.30000000000000004,2.2,1
"47.5448171876,7.58745354847","{""type"": ""Point"", ""coordinates"": [7.587453548473217, 47.54481718763838]}",Margarethen,Kindergarten,Gempenstrasse 25,,,Kindergarten,,Gempenstrasse,25,4053,Basel,+41 61 361 13 37,,,,,2611204.651000/1266021.006000,47.5448171876,7.58745354847,0.0,0.1,0
"47.543758649,7.5861009756","{""type"": ""Point"", ""coordinates"": [7.586100975598933, 47.543758649028696]}",Margarethen,Kindergarten,Gempenstrasse 48,,,Kindergarten,,Gempenstrasse,48,4053,Basel,+41 61 208 54 11,,,,,2611103.044000/1265903.118000,47.543758649,7.5861009756,0.0,0.1,0
"47.5453299726,7.56033297052","{""type"": ""Point"", ""coordinates"": [7.560332970523358, 47.54532997261192]}",Neubad,Kindergarten,In den Ziegelhöfen 101,,,Kindergarten,,In den Ziegelhöfen,101,4054,Basel,+41 61 302 10 82,,,,,2609162.820000/1266074.524000,47.5453299726,7.56033297052,0.5,0.7999999999999999,0
"47.5467752902,7.56921609068","{""type"": ""Point"", ""coordinates"": [7.569216090680525, 47.54677529015579]}",Neubad,Kindergarten,Marschalkenstrasse 120,,,Kindergarten,,Marschalkenstrasse,120,4054,Basel,+41 61 208 51 24,,,,,2609831.304000/1266236.294000,47.5467752902,7.56921609068,0.0,0.4,1
"47.5503602117,7.58313847487","{""type"": ""Point"", ""coordinates"": [7.58313847487095, 47.5503602117375]}",Peter,Kindergarten,Birsigstrasse 46,,,Kindergarten,,Birsigstrasse,46,4054,Basel,+41 61 281 56 01,,http://schulen.edubs.ch/ps/peter/kindergarten,,,2610878.667000/1266636.721000,47.5503602117,7.58313847487,0.5,1.5,0
"47.5523831497,7.58056070155","{""type"": ""Point"", ""coordinates"": [7.580560701552933, 47.552383149704326]}",Peter,Kindergarten,Leimenstrasse 66,,,Kindergarten,,Leimenstrasse,66,4051,Basel,+41 61 281 68 84,,http://schulen.edubs.ch/ps/peter/kindergarten,,,2610684.218000/1266861.296000,47.5523831497,7.58056070155,0.4,1.0,0
"47.557539678,7.579741644","{""type"": ""Point"", ""coordinates"": [7.579741644002899, 47.557539678030025]}",Peter,Kindergarten,Socinstrasse 13,,,Kindergarten,,Socinstrasse,13,4051,Basel,+41 61 261 69 83,,http://schulen.edubs.ch/ps/peter/kindergarten,,,2610621.540000/1267434.532000,47.557539678,7.579741644,0.0,0.2,0
"47.547751989,7.60377360891","{""type"": ""Point"", ""coordinates"": [7.60377360891278, 47.547751988998094]}",Sevogel,Kindergarten,Engelgasse 118,,,Kindergarten,,Engelgasse,118,4052,Basel,+41 61 312 79 89,,,,,2612432.605000/1266349.766000,47.547751989,7.60377360891,0.4,0.5,0
"47.5499960141,7.60172430465","{""type"": ""Point"", ""coordinates"": [7.601724304647444, 47.54999601407142]}",Sevogel,Kindergarten,Kapellenstrasse 14,,,Kindergarten,,Kapellenstrasse,14,4052,Basel,+41 61 312 60 25,,,,,2612277.818000/1266598.954000,47.5499960141,7.60172430465,0.0,0.2,0
"47.5685507236,7.57821720542","{""type"": ""Point"", ""coordinates"": [7.578217205422659, 47.56855072357489]}",Volta,Kindergarten,Ryffstrasse 22,,,Kindergarten,,Ryffstrasse,22,4056,Basel,+41 61 321 06 45,,,,,2610504.637000/1268658.633000,47.5685507236,7.57821720542,0.0,0.2,0
"47.5679861586,7.57798717545","{""type"": ""Point"", ""coordinates"": [7.577987175447345, 47.567986158649774]}",St. Johann,Kindergarten,Ryffstrasse 31,,,Kindergarten,,Ryffstrasse,31,4056,Basel,+41 61 321 39 60,,,,,2610487.438000/1268595.829000,47.5679861586,7.57798717545,0.7,2.0000000000000004,0
"47.565744601,7.57916741525","{""type"": ""Point"", ""coordinates"": [7.579167415252443, 47.565744601045026]}",St. Johann,Kindergarten,St. Johannsring 22,,,Kindergarten,,St. Johannsring,22,4056,Basel,+41 61 321 16 14,,,,,2610576.696000/1268346.750000,47.565744601,7.57916741525,0.2,0.5,0
"47.5606759826,7.59663980783","{""type"": ""Point"", ""coordinates"": [7.596639807829067, 47.56067598255871]}",Theodor,Kindergarten,Claragraben 40,,,Kindergarten,,Claragraben,40,4058,Basel,+41 61 208 56 40,,,,,2611892.696000/1267785.664000,47.5606759826,7.59663980783,0.0,0.1,0
"47.5633220036,7.59601720454","{""type"": ""Point"", ""coordinates"": [7.59601720454473, 47.5633220035854]}",Theodor,Kindergarten,Drahtzugstrasse 30,,,Kindergarten,,Drahtzugstrasse,30,4057,Basel,+41 61 681 01 16,,,,,2611845.251000/1268079.778000,47.5633220036,7.59601720454,1.3000000000000003,1.3000000000000003,0
"47.5405604794,7.59952284577","{""type"": ""Point"", ""coordinates"": [7.599522845767578, 47.54056047936269]}",Thierstein,Kindergarten,Delsbergerallee 54,,,Kindergarten,,Delsbergerallee,54,4053,Basel,+41 61 331 58 50,,,,,2612114.240000/1265549.495000,47.5405604794,7.59952284577,0.30000000000000004,1.1,0
"47.5407415166,7.60101249369","{""type"": ""Point"", ""coordinates"": [7.601012493687892, 47.540741516599674]}",Thierstein,Kindergarten,Güterstrasse 300,,,Kindergarten,,Güterstrasse,300,4053,Basel,+41 61 331 15 73,,,,,2612226.354000/1265569.854000,47.5407415166,7.60101249369,0.0,0.2,0
"47.5443912783,7.58853443093","{""type"": ""Point"", ""coordinates"": [7.588534430925156, 47.544391278253116]}",Thierstein,Kindergarten,Sempacherstrasse 15,,,Kindergarten,,Sempacherstrasse,15,4053,Basel,+41 61 361 60 61,,,,,2611286.114000/1265973.804000,47.5443912783,7.58853443093,0.0,0.5,0
"47.5580678036,7.60212717475","{""type"": ""Point"", ""coordinates"": [7.60212717475357, 47.55806780363926]}",Vogelsang,Kindergarten,Fischerweg 8,,,Kindergarten,,Fischerweg,8,4058,Basel,+41 61 691 05 51,,,,,2612306.284000/1267496.506000,47.5580678036,7.60212717475,0.4,0.4,0
"47.5688260279,7.60394652727","{""type"": ""Point"", ""coordinates"": [7.603946527269422, 47.56882602794693]}",Erlenmatt,Kindergarten,Schönaustrasse 73,,,Kindergarten,,Schönaustrasse,73,4058,Basel,+41 61 681 14 84,,http://schulen.edubs.ch/ps/erlenmatt/kindergarten/schoenaustrasse,maya.schoeb@edubs.ch,,2612440.710000/1268692.985000,47.5688260279,7.60394652727,0.0,0.0,1
"47.5727032404,7.57579352077","{""type"": ""Point"", ""coordinates"": [7.575793520768888, 47.57270324036758]}",Lysbüchel,Kindergarten,Elsässerstrasse 131,,,Kindergarten,,Elsässerstrasse,131,4056,Basel,+41 61 321 00 25,,,,,2610321.452000/1269120.028000,47.5727032404,7.57579352077,0.4,2.1,2
"47.5677828288,7.57467316244","{""type"": ""Point"", ""coordinates"": [7.574673162443972, 47.5677828288138]}",Volta,Kindergarten,Im Davidsboden 4,,,Kindergarten,,Im Davidsboden,4,4056,Basel,+41 61 321 10 51,,,,,2610238.094000/1268572.786000,47.5677828288,7.57467316244,0.1,0.6,0
"47.5692732693,7.57749252092","{""type"": ""Point"", ""coordinates"": [7.577492520920194, 47.569273269349694]}",Volta,Kindergarten,Murbacherstrasse 27,,,Kindergarten,,Murbacherstrasse,27,4056,Basel,+41 61 322 07 70,,,,,2610449.963000/1268738.876000,47.5692732693,7.57749252092,0.0,0.2,0
"47.5683632288,7.57541075462","{""type"": ""Point"", ""coordinates"": [7.575410754623949, 47.568363228819315]}",Volta,Kindergarten,Vogesenstrasse 105,,,Kindergarten,,Vogesenstrasse,105,4056,Basel,+41 61 322 11 21,,,,,2610293.487000/1268637.416000,47.5683632288,7.57541075462,0.30000000000000004,0.30000000000000004,0
"47.5680724028,7.56160482694","{""type"": ""Point"", ""coordinates"": [7.561604826940646, 47.5680724027702]}",Wasgenring,Kindergarten,Burgfelderstrasse 231,,,Kindergarten,,Burgfelderstrasse,231,4055,Basel,+41 61 321 88 34,,,,,2609254.634000/1268603.371000,47.5680724028,7.56160482694,0.30000000000000004,1.4000000000000001,1
"47.5622136336,7.56255955566","{""type"": ""Point"", ""coordinates"": [7.562559555661828, 47.56221363362319]}",Wasgenring,Kindergarten,Welschmattstrasse 30,,,Kindergarten,,Welschmattstrasse,30,4055,Basel,+41 61 385 50 60,,,,,2609327.500000/1267952.053000,47.5622136336,7.56255955566,0.0,0.4,0
"47.5644499366,7.60723309474","{""type"": ""Point"", ""coordinates"": [7.607233094735241, 47.56444993658432]}",Vogelsang,Kindergarten,Schwarzwaldallee 161,,,Kindergarten,,Schwarzwaldallee,161,4058,Basel,+41 61 208 56 25,,,,,2612689.064000/1268206.936000,47.5644499366,7.60723309474,0.0,0.0,0
"47.5576654743,7.58377067845","{""type"": ""Point"", ""coordinates"": [7.583770678449682, 47.55766547428497]}",Peter,Kindergarten,Petersgraben 52,,,Kindergarten,,Petersgraben,52,4051,Basel,+41 61 261 02 53,,http://schulen.edubs.ch/ps/peter/kindergarten,,,2610924.763000/1267449.069000,47.5576654743,7.58377067845,0.0,0.4,0
"47.5323198331,7.59883421317","{""type"": ""Point"", ""coordinates"": [7.598834213167279, 47.53231983307815]}",Bruderholz,Tagesstruktur,TS Bruderholz,Steven,Roth,Leiter Tagesstruktur,,Jakobsbergholzweg,121,4059,Basel,+41 79 560 34 73,+41 61 361 95 05,,ts_bruderholz@robi-spiel-aktionen.ch,,2612064.254000/1264633.131000,47.5323198331,7.59883421317,0.0,0.3,0
"47.5698129584,7.58950682296","{""type"": ""Point"", ""coordinates"": [7.589506822955818, 47.569812958437346]}",Dreirosen,Tagesstruktur,TS Dreirosen,,,Leitung Tagesstruktur,,Breisacherstrasse,134,4057,Basel,+41 61 208 50 84,,,niko.grubesa@dreirosen.ch,,2611353.915000/1268800.543000,47.5698129584,7.58950682296,0.0,0.3,0
"47.5628852625,7.56943578239","{""type"": ""Point"", ""coordinates"": [7.569435782388405, 47.56288526252192]}",Isaak Iselin,Tagesstruktur,TS Isaak Iselin,,,Leitung Tagesstruktur,,Häsingerstrasse,7,4055,Basel,+41 79 964 84 19,,,j.staempfli@robi-spiel-aktionen.ch,,2609844.876000/1268027.565000,47.5628852625,7.56943578239,0.5,1.1,0
"47.5842921532,7.59253408459","{""type"": ""Point"", ""coordinates"": [7.592534084589134, 47.584292153246786]}",Kleinhüningen,Tagesstruktur,TS Kleinhüningen,,,Leitung Tagesstruktur,,Dorfstrasse,51,4057,Basel,+41 61 208 53 35,,,brigitta.bachofer@bs.ch,,2611578.571000/1270410.915000,47.5842921532,7.59253408459,0.1,0.5,0
"47.5611626101,7.59657034776","{""type"": ""Point"", ""coordinates"": [7.596570347763, 47.56116261010183]}",Theodor,Tagesstruktur,TS Wettstein,,,Leitung Tagesstruktur,,Claragraben,50,4058,Basel,+41 61 681 09 84,,,walter.tenued@bs.ch,,2611887.360000/1267839.761000,47.5611626101,7.59657034776,0.0,0.0,0
"47.5620206495,7.56097940159","{""type"": ""Point"", ""coordinates"": [7.560979401593363, 47.56202064951972]}",Wasgenring,Tagesstruktur,TS Wasgenring,,,Leitung Tagesstruktur,,Welschmattstrasse,30,4055,Basel,+41 61 322 00 85,,,,,2609208.612000/1267930.410000,47.5620206495,7.56097940159,0.0,0.3,0
"47.5551660462,7.56695221164","{""type"": ""Point"", ""coordinates"": [7.56695221164485, 47.55516604621018]}",Gotthelf,Tagesstruktur,TS Gotthelf,,,Leitung Tagesstruktur,,St. Galler-Ring,130,4054,Basel,+41 61 301 35 25,,,ts_gotthelf@robi-spiel-aktionen.ch,,2609659.361000/1267168.969000,47.5551660462,7.56695221164,0.0,0.0,0
"47.5595320241,7.58769040772","{""type"": ""Point"", ""coordinates"": [7.587690407723739, 47.55953202414034]}",Peter,Tagesstruktur,TS Peters,,,Leitung Tagesstruktur,,Marktgasse,5,4051,Basel,+41 79 649 78 89,,,christoph.renz@bs.ch,,2611219.392000/1267657.158000,47.5595320241,7.58769040772,1.0,0.9,0
"47.5576492415,7.59087028362","{""type"": ""Point"", ""coordinates"": [7.590870283619022, 47.55764924152152]}",Münsterplatz,Tagesstruktur,TS Münsterplatz,,,Leitung Tagesstruktur,,Augustinergasse,11,4051,Basel,+41 79 649 78 89,,,,,2611459.123000/1267448.271000,47.5576492415,7.59087028362,0.0,0.0,0
"47.5656453513,7.58029348091","{""type"": ""Point"", ""coordinates"": [7.58029348090781, 47.56564535125711]}",Vogesen,Tagesstruktur,TS Vogesen,,,Leitung Tagesstruktur,,Spitalstrasse,52,4056,Basel,+41 79 274 29 61,,,giuseppe.mavrici@bs.ch,,2610661.457000/1268335.866000,47.5656453513,7.58029348091,0.30000000000000004,0.8,0
"47.5623332538,7.57069881075","{""type"": ""Point"", ""coordinates"": [7.57069881075029, 47.56233325378307]}",Isaak Iselin,Tagesstruktur,TS Isaak Iselin,,,Leitung Tagesstruktur,,Hagentalerstrasse,46,4055,Basel,+41 79 964 84 19,,,j.staempfli@robi-spiel-aktionen.ch,,2609940.032000/1267966.346000,47.5623332538,7.57069881075,0.1,0.8,0
"47.5536299807,7.58725715334","{""type"": ""Point"", ""coordinates"": [7.58725715333529, 47.55362998070482]}",Holbein,Tagesstruktur,TS Holbein,,,Sekretariat,,Kanonengasse,9,4051,Basel,+41 61 267 55 35,,,gioia.macoa@e-9.ch,,2611188.020000/1267000.857000,47.5536299807,7.58725715334,0.0,0.1,0
"47.5500472705,7.60117018424","{""type"": ""Point"", ""coordinates"": [7.601170184242468, 47.55004727053666]}",Sevogel,Tagesstruktur,TS Sevogel,,,,,Kapellenstrasse,5,4052,Basel,,,,,,2612236.094000/1266604.567000,47.5500472705,7.60117018424,0.2,0.30000000000000004,0
"47.549374165,7.60003438193","{""type"": ""Point"", ""coordinates"": [7.600034381927976, 47.54937416495398]}",St. Alban,Tagesstruktur,TS St. Alban,,,Leitung Tagesstruktur,,Engelgasse,40,4052,Basel,+41 61 208 54 94,,,ali.batache@edubs.ch,,2612150.748000/1266529.550000,47.549374165,7.60003438193,0.0,0.0,0
"47.5468615073,7.60329069334","{""type"": ""Point"", ""coordinates"": [7.603290693344424, 47.54686150726345]}",Wirtschaftsgymnasium,Tagesstruktur,Mensa Wirtschaftsgym,,,,,Andreas Heusler-Strasse,41,4052,Basel,,,,,,2612396.458000/1266250.679000,47.5468615073,7.60329069334,0.0,0.0,0
"47.5491467344,7.6133508103","{""type"": ""Point"", ""coordinates"": [7.613350810299836, 47.54914673438785]}",Gellert,Tagesstruktur,TS Christoph Merian,,,Leitung Tagesstruktur,,Emanuel-Büchel-Strasse,45,4052,Basel,+41 61 317 95 73,+41 61 317 95 75,,rita.wettstein@bs.ch,,2613153.230000/1266506.399000,47.5491467344,7.6133508103,0.2,0.30000000000000004,0
"47.5779556977,7.58848323308","{""type"": ""Point"", ""coordinates"": [7.588483233075412, 47.57795569765908]}",Insel,Tagesstruktur,TS Insel,,,Leitung Tagesstruktur,,Inselstrasse,41,4057,Basel,+41 61 208 53 03,,,marie-therese.scherer@bs.ch,,2611275.172000/1269705.781000,47.5779556977,7.58848323308,0.1,0.30000000000000004,0
"47.5585690443,7.59627825185","{""type"": ""Point"", ""coordinates"": [7.596278251852139, 47.55856904432931]}",Waisenhaus,Tagesstruktur,TS Theodor,,,Leitung Tagesstruktur,,Theodorskirchplatz,7,4058,Basel,+41 61 699 33 11,,,,,2611865.953000/1267551.342000,47.5585690443,7.59627825185,0.2,0.8999999999999999,0
"47.5670734858,7.62442147733","{""type"": ""Point"", ""coordinates"": [7.624421477330264, 47.567073485782046]}",Hirzbrunnen,Tagesstruktur,TS Hirzbrunnen,,,Leitung Tagesstruktur,,Zu den drei Linden,70,4058,Basel,+41 61 208 57 55,,,d.noser@robi-spiel-aktionen.ch,,2613981.905000/1268501.553000,47.5670734858,7.62442147733,0.0,0.0,0
"47.5626968732,7.57072738706","{""type"": ""Point"", ""coordinates"": [7.570727387059693, 47.56269687316258]}",Isaak Iselin,Primarschule,Isaak Iselin,,,Sekretariat,,Strassburgerallee,65,4055,Basel,+14 61 385 94 60,+14 61 385 94 65,http://schulen.edubs.ch/ps/isaakiselin,ps.isaakiselin@bs.ch,Bauprojekt_Schulraum_613.pdf,2609942.115000/1268006.780000,47.5626968732,7.57072738706,0.0,0.7,0
"47.5608686852,7.59685622667","{""type"": ""Point"", ""coordinates"": [7.596856226665032, 47.56086868520316]}",Theodor,Primarschule,Thomas Platter,,,Sekretariat,,Claragraben,40,4058,Basel,+41 61 208 56 36,,http://schulen.edubs.ch/ps/theodor,ps.theodor@bs.ch,Bauprojekt_Schulraum_639.pdf,2611908.941000/1267807.123000,47.5608686852,7.59685622667,0.0,0.0,0
"47.5634676621,7.60882801379","{""type"": ""Point"", ""coordinates"": [7.608828013790848, 47.56346766211806]}",Vogelsang,Primarschule,Vogelsang,,,Sekretariat,,Schwarzwaldallee,107,4058,Basel,+41 61 208 54 60,+41 61 208 54 70,http://schulen.edubs.ch/ps/vogelsang,ps.vogelsang@bs.ch,Bauprojekt_Schulraum_651.pdf,2612809.327000/1268097.976000,47.5634676621,7.60882801379,0.0,0.6,0
"47.5625066622,7.60912535251","{""type"": ""Point"", ""coordinates"": [7.609125352505251, 47.562506662210176]}",Vogelsang,Allgemeine Gewerbeschule,AGS Lehrwerkstatt,,,Sekretariat,,Wettsteinallee,175,4058,Basel,+41 61 695 64 00,,,,,2612831.935000/1267991.172000,47.5625066622,7.60912535251,0.0,0.7,0
"47.5684471966,7.62662727718","{""type"": ""Point"", ""coordinates"": [7.626627277183642, 47.568447196612226]}",Drei Linden,Sekundarschule,Sekundarschule Drei Linden,,,Sekretariat,,Zu den drei Linden,90,4058,Basel,+41 61 606 33 60,+41 61 606 33 55,http://www.sek-dreilinden.ch,sek.dreilinden@bs.ch,Bauprojekt_Schulraum_655.pdf,2614147.532000/1268654.688000,47.5684471966,7.62662727718,0.0,0.0,0
"47.5536502323,7.5873224669","{""type"": ""Point"", ""coordinates"": [7.587322466903052, 47.55365023226028]}",Holbein,Sekundarschule,Holbein,,,Sekretariat,,Kanonengasse,9,4051,Basel,+41 61 267 55 35,+41 61 267 55 34,http://www.sek-holbein.ch,sek.holbein@bs.ch,Bauprojekt_Schulraum_629.pdf,2611192.932000/1267003.118000,47.5536502323,7.5873224669,0.0,0.6000000000000001,0
"47.5589890149,7.58516104998","{""type"": ""Point"", ""coordinates"": [7.585161049982042, 47.558989014864466]}",Peter,Primarschule,Peters,,,Sekretariat,,Peterskirchplatz,5,4051,Basel,+41 61 208 55 85,,http://schulen.edubs.ch/ps/peter,ps.peters@bs.ch,Bauprojekt_Schulraum_636.pdf,2611029.137000/1267596.425000,47.5589890149,7.58516104998,0.0,0.30000000000000004,0
"47.5472752986,7.5692559539","{""type"": ""Point"", ""coordinates"": [7.569255953896938, 47.54727529863986]}",Neubad,Primarschule,Neubad & Kaltbrunnen,,,Sekretariat,,Marschalkenstrasse,120,4054,Basel,+41 61 208 51 50,,http://schulen.edubs.ch/ps/neubad,ps.neubad@bs.ch,Bauprojekt_Schulraum_618.pdf,2609834.213000/1266291.894000,47.5472752986,7.5692559539,0.0,0.0,0
"47.555089727,7.56806631999","{""type"": ""Point"", ""coordinates"": [7.568066319991726, 47.55508972695554]}",Gotthelf,Primarschule,Gottfried Keller & Gotthelf,,,Sekretariat,,Gotthelfplatz,1,4054,Basel,+41 61 208 52 00,+41 61 208 52 30,http://schulen.edubs.ch/ps/gotthelf,ps.gotthelf@bs.ch,Bauprojekt_Schulraum_615.pdf,2609743.233000/1267160.620000,47.555089727,7.56806631999,0.0,0.1,0
"47.5431214816,7.58680562718","{""type"": ""Point"", ""coordinates"": [7.586805627179578, 47.54312148158034]}",Margarethen,Primarschule,Gundeldingen,,,Sekretariat,,Sempacherstrasse,60,4053,Basel,+41 61 208 54 03,,http://schulen.edubs.ch/ps/margarethen,ps.margarethen@bs.ch,Bauprojekt_Schulraum_669.pdf,2611156.227000/1265832.372000,47.5431214816,7.58680562718,0.0,0.2,0
"47.5393942295,7.59266175133","{""type"": ""Point"", ""coordinates"": [7.592661751334317, 47.53939422946797]}",Brunnmatt,Primarschule,Brunnmatt,,,Sekretariat,,Ingelsteinweg,6,4053,Basel,+41 61 208 50 20,+41 61 264 80 77,http://schulen.edubs.ch/ps/brunnmatt,ps.brunnmatt@bs.ch,Bauprojekt_Schulraum_620.pdf,2611597.922000/1265418.791000,47.5393942295,7.59266175133,0.0,0.1,0
"47.53155432,7.59602092837","{""type"": ""Point"", ""coordinates"": [7.596020928365431, 47.531554319986654]}",Bruderholz,Primarschule,Bruderholz,,,Sekretariat,,Fritz Hauser-Strasse,20,4059,Basel,+41 61 208 50 90,+41 61 361 95 05,http://schulen.edubs.ch/ps/bruderholz,ps.bruderholz@bs.ch,Bauprojekt_Schulraum_668.pdf,2611852.579000/1264547.589000,47.53155432,7.59602092837,0.0,0.1,0
"47.5708661251,7.60988451932","{""type"": ""Point"", ""coordinates"": [7.6098845193173, 47.57086612509516]}",Hirzbrunnen,Primarschule,Neubau Schoren,,,Sekretariat,,Schorenweg,23,4058,Basel,+41 61 681 11 18,+41 61 681 41 60,http://schulen.edubs.ch/ps/schoren,ps.schoren@bs.ch,Bauprojekt_Schulraum_6623.pdf,2612887.050000/1268920.775000,47.5708661251,7.60988451932,0.1,0.8,0
"47.5605937637,7.59720132586","{""type"": ""Point"", ""coordinates"": [7.597201325862774, 47.56059376367428]}",Theodor,Spezialangebot,Richter Linder,,,Schulleitung,,Hammerstrasse,27,4058,Basel,+41 61 208 56 31,,http://https://spa.edubs.ch/standorte/1-6-ts-ps-richter-linder,thomas.flueckiger@bs.ch,Bauprojekt_Schulraum_4083.pdf,2611934.975000/1267776.607000,47.5605937637,7.59720132586,0.6,1.2999999999999998,2
"47.5385838816,7.60851878688","{""type"": ""Point"", ""coordinates"": [7.608518786880746, 47.538583881629066]}",Dreispitz,Primarschule,Dreispitz,,,Schulleitung,,Münchensteinerstrasse,103H,4052,Basel,+41 61 208 53 96,,,,,2612792.017000/1265331.142000,47.5385838816,7.60851878688,0.0,1.0,0
"47.5647125652,7.59524362144","{""type"": ""Point"", ""coordinates"": [7.595243621437739, 47.56471256517106]}",Bläsi,Kindergarten,Hammerstrasse 87,,,Kindergarten,,Hammerstrasse,87,4057,Basel,,,,,,2611786.726000/1268234.277000,47.5647125652,7.59524362144,0.0,0.2,0
"47.5285215433,7.59700089293","{""type"": ""Point"", ""coordinates"": [7.597000892931897, 47.528521543322924]}",,Spezialangebot,KIS Seltis,Markus,Dörig,Leiter KIS-Angebote,,Seltisbergerstrasse,93,4059,Basel,+41 61 363 92 78,+41 61 363 92 77,https://www.edubs.ch/dienste/Dienste_VS/kis/die-kis-angebote,kis.seltis@edubs.ch,,2611927.050000/1264210.530000,47.5285215433,7.59700089293,0.30000000000000004,0.2,0
"47.5459335028,7.61616924567","{""type"": ""Point"", ""coordinates"": [7.616169245671949, 47.54593350283572]}",,Spielgruppe mit früher Deutschförderung,FG,Susette,Kuhn,,,Scherkesselweg,30,4052,Basel,+41 79 465 85 54,,www.fg-basel.ch,info@fg-basel.ch,,2613366.200000/1266149.600000,47.5459335028,7.61616924567,0.2,0.4,0
"47.5329600064,7.60071720512","{""type"": ""Point"", ""coordinates"": [7.600717205121295, 47.53296000635692]}",,Spielgruppe mit früher Deutschförderung,Bluemegärtli,Claudia,Hoffmann,,,Jakobsbergerholzweg,54,4059,Basel,+41 61 331 62 50,,https://www.steinerschule-basel.ch/naturspielgruppe/,claudia.hoffmann@steinerschule-basel.ch,,2612205.900000/1264704.600000,47.5329600064,7.60071720512,0.0,0.4,0
"47.5694870872,7.59239314729","{""type"": ""Point"", ""coordinates"": [7.592393147287963, 47.56948708715337]}",,Spielgruppe mit früher Deutschförderung,Wunderland Bläsi,Eray,Kocabas,,,Müllheimerstrasse,144,4057,Basel,+41 78 342 66 65,,,info@wunderland.ch,,2611571.177000/1268764.729000,47.5694870872,7.59239314729,0.4,0.4,0
"47.5635843535,7.6255413753","{""type"": ""Point"", ""coordinates"": [7.62554137529609, 47.563584353510066]}",,Spielgruppe mit früher Deutschförderung,Paladuk,Anja,Brogle,,,Im Rheinacker,15,4058,Basel,+41 79 385 08 87,,www.spielgruppe-paladuk.ch/,info@spielgruppe-paladuk.ch,,2614067.100000/1268113.800000,47.5635843535,7.6255413753,0.0,0.2,0
"47.5418614592,7.59322510229","{""type"": ""Point"", ""coordinates"": [7.593225102290524, 47.54186145922843]}",,Spielgruppe mit früher Deutschförderung,Marienkäferli,Laurence,Anton,,,Dornacherstrasse,192,4053,Basel,+41 78 664 52 46,,www.qtp-basel.ch/faz,laurence.anton@hotmail.com,,2611639.800000/1265693.200000,47.5418614592,7.59322510229,0.4,2.9999999999999996,1
"47.5639321617,7.56226987704","{""type"": ""Point"", ""coordinates"": [7.562269877035298, 47.563932161743715]}",,Spielgruppe mit früher Deutschförderung,Stärnli,Chantal,Aschwanden,,,Hegenheimerstrasse,229,4055,Basel,+41 61 386 92 40,,www.thomaskirche.ch/spielgruppe,chantal.aschwanden@erk-bs.ch,,2609305.400000/1268143.100000,47.5639321617,7.56226987704,0.0,2.7,0
"47.5731880712,7.63734481347","{""type"": ""Point"", ""coordinates"": [7.637344813471178, 47.57318807123752]}",,Spielgruppe mit früher Deutschförderung,Muggeli,Lorraine,Plunkett,,,Keltenweg,41,4125,Riehen,+41 77 468 90 90,,,,,2614952.700000/1269183.800000,47.5731880712,7.63734481347,0.2,0.7,0
"47.5487896787,7.56117082735","{""type"": ""Point"", ""coordinates"": [7.561170827350194, 47.548789678696615]}",,Spielgruppe mit früher Deutschförderung,Füxli,Rita,Rusterholz,,,General Guisan-Strasse,174,4054,Basel,+41 76 516 01 08,,,rita.rusterholz@gmail.com,,2609225.300000/1266459.300000,47.5487896787,7.56117082735,0.4,0.4,0
"47.5295746704,7.5928150774","{""type"": ""Point"", ""coordinates"": [7.592815077397426, 47.529574670379645]}",,Spielgruppe mit früher Deutschförderung,Glöggli,Stephanie,Brunner,,,In tiefen Boden,75,4059,Basel,+41 61 703 01 07,,www.spielgruppe-gloeggli.ch/,info@spielgruppe-gloeggli.ch,,2611611.600000/1264327.000000,47.5295746704,7.5928150774,0.2,0.30000000000000004,0
"47.570364796,7.66454183297","{""type"": ""Point"", ""coordinates"": [7.664541832974638, 47.57036479598115]}",,Spielgruppe mit früher Deutschförderung,Wirbelwind,Sandra,Hefty,,,Hauptstrasse,74,4126,Bettingen,+41 78 625 23 46,,,,,2617000.000000/1268875.400000,47.570364796,7.66454183297,0.30000000000000004,1.3000000000000003,0
"47.5574080489,7.56732746664","{""type"": ""Point"", ""coordinates"": [7.567327466635027, 47.5574080488603]}",,Spielgruppe mit früher Deutschförderung,Pinocchio,Anne-Marie,Wicky-Borner,,,St. Galler-Ring,69,4055,Basel,+41 78 647 43 37,,www.wald-spielgruppe-pinocchio.ch,awickyborner@yahoo.de,,2609687.200000/1267418.300000,47.5574080489,7.56732746664,1.4,2.5,1
"47.5625946568,7.59598249277","{""type"": ""Point"", ""coordinates"": [7.59598249277476, 47.562594656751]}",,Spielgruppe mit früher Deutschförderung,Papagei,Simone,Urben,,,Clarastrasse,17,4058,Basel,+41 61 690 96 18,,,surben@ecap.ch,,2611842.800000/1267998.900000,47.5625946568,7.59598249277,0.0,0.6,0
"47.557693174,7.56811868607","{""type"": ""Point"", ""coordinates"": [7.568118686066567, 47.55769317403344]}",,Spielgruppe mit früher Deutschförderung,Pinocchio,Anne-Marie,Wicky-Borner,,,Sierenzerstrasse,81,4055,Basel,+41 78 647 43 37,,www.wald-spielgruppe-pinocchio.ch,awickyborner@yahoo.de,,2609746.700000/1267450.100000,47.557693174,7.56811868607,0.2,1.6,1
"47.5687298041,7.59457682794","{""type"": ""Point"", ""coordinates"": [7.594576827936974, 47.568729804085436]}",Bläsi,Kindergarten,Bläsiring 143,,,Kindergarten,,Bläsiring,143,4057,Basel,+41 61 692 94 63,,,,,2611735.663000/1268680.850000,47.5687298041,7.59457682794,0.4,0.7,0
"47.5687544291,7.59132251809","{""type"": ""Point"", ""coordinates"": [7.591322518085728, 47.568754429077735]}",Bläsi,Kindergarten,Bläsiring 85,,,Kindergarten,,Bläsiring,85,4057,Basel,+41 61 692 27 81,,,,,2611490.771000/1268683.109000,47.5687544291,7.59132251809,0.0,0.4,0
"47.5677565463,7.59549861977","{""type"": ""Point"", ""coordinates"": [7.595498619766427, 47.5677565462568]}",Bläsi,Kindergarten,Oetlingerstrasse 170,,,Kindergarten,,Oetlingerstrasse,170,4057,Basel,+41 61 692 04 06,,,,,2611805.243000/1268572.772000,47.5677565463,7.59549861977,0.4,0.4,0
"47.5656997119,7.59655858912","{""type"": ""Point"", ""coordinates"": [7.59655858911646, 47.565699711871225]}",Bläsi,Kindergarten,Sperrstrasse  98,,,Kindergarten,,Sperrstrasse,98,4057,Basel,+41 61 692 55 42,,,,,2611885.465000/1268344.234000,47.5656997119,7.59655858912,0.0,0.2,0
"47.5392368811,7.60030231709","{""type"": ""Point"", ""coordinates"": [7.600302317094337, 47.53923688113423]}",Brunnmatt,Kindergarten,Arlesheimerstrasse 8,,,Kindergarten,,Arlesheimerstrasse,8,4053,Basel,+41 61 331 19 85,,,,,2612173.228000/1265402.447000,47.5392368811,7.60030231709,0.0,0.0,0
"47.5436571684,7.5908875648","{""type"": ""Point"", ""coordinates"": [7.590887564803006, 47.54365716840503]}",Brunnmatt,Kindergarten,Pfeffingerstrasse 50,,,Kindergarten,,Pfeffingerstrasse,50,4053,Basel,+41 61 361 25 10,,,,,2611463.426000/1265892.519000,47.5436571684,7.5908875648,0.1,1.1,0
"47.5695156769,7.59103116234","{""type"": ""Point"", ""coordinates"": [7.591031162337787, 47.56951567685298]}",Dreirosen,Kindergarten,Amerbachstrasse 7,,,Kindergarten,,Amerbachstrasse,7,4057,Basel,+41 61 692 92 18,,,,,2611468.683000/1268767.709000,47.5695156769,7.59103116234,0.0,0.7999999999999999,0
"47.565654203,7.58737009263","{""type"": ""Point"", ""coordinates"": [7.587370092633463, 47.56565420296726]}",Dreirosen,Kindergarten,Unterer Rheinweg 66,,,Kindergarten,,Unterer Rheinweg,66,4057,Basel,+41 61 692 10 04,,,,,2611194.001000/1268337.830000,47.565654203,7.58737009263,0.1,1.6000000000000003,2
"47.5539827123,7.61196716341","{""type"": ""Point"", ""coordinates"": [7.61196716341323, 47.55398271228916]}",Gellert,Kindergarten,Froburgstrasse 50,,,Kindergarten,,Froburgstrasse,50,4052,Basel,+41 61 311 02 86,,,,,2613047.890000/1267043.873000,47.5539827123,7.61196716341,0.1,0.4,0
"47.5474065886,7.613389973","{""type"": ""Point"", ""coordinates"": [7.613389972997057, 47.54740658859264]}",Gellert,Kindergarten,Karl Jaspers-Allee 39,,,Kindergarten,,Karl Jaspers-Allee,39,4052,Basel,+41 61 312 88 31,,,,,2613156.607000/1266312.922000,47.5474065886,7.613389973,0.3,0.2,0
"47.5559681071,7.61415970627","{""type"": ""Point"", ""coordinates"": [7.614159706273568, 47.5559681070753]}",Gellert,Kindergarten,Zürcherstrasse 149,,,Kindergarten,,Zürcherstrasse,149,4052,Basel,+41 61 312 80 88,,,,,2613212.433000/1267264.991000,47.5559681071,7.61415970627,0.3,1.0,1
"47.5611151178,7.566934627","{""type"": ""Point"", ""coordinates"": [7.566934626998909, 47.5611151177706]}",Gotthelf,Kindergarten,Appenzellerstrasse 11,,,Kindergarten,,Appenzellerstrasse,11,4054,Basel,+41 61 382 46 52,,,,,2609656.963000/1267830.436000,47.5611151178,7.566934627,0.4,0.6000000000000001,0
"47.5583768161,7.56882813715","{""type"": ""Point"", ""coordinates"": [7.568828137146546, 47.55837681606894]}",Gotthelf,Kindergarten,Bündnerstrasse 29,,,Kindergarten,,Bündnerstrasse,29,4054,Basel,+41 61 301 24 54,,,,,2609799.972000/1267526.201000,47.5583768161,7.56882813715,0.4,0.6,0
"47.5544125396,7.5666187189","{""type"": ""Point"", ""coordinates"": [7.566618718901552, 47.55441253956806]}",Gotthelf,Kindergarten,Gottfried Keller Strasse 8,,,Kindergarten,,Gottfried Keller Strasse,8,4054,Basel,+41 61 208 52 40,,,,,2609634.395000/1267085.147000,47.5544125396,7.5666187189,0.1,0.6000000000000001,0
"47.5542800071,7.575952019","{""type"": ""Point"", ""coordinates"": [7.575952019001625, 47.55428000709046]}",Gotthelf,Kindergarten,Spalenring 160,,,Kindergarten,,Spalenring,160,4054,Basel,+41 61 301 25 15,,,,,2610336.941000/1267071.591000,47.5542800071,7.575952019,0.2,1.6,1
"47.564300557,7.61261722807","{""type"": ""Point"", ""coordinates"": [7.612617228068581, 47.56430055698659]}",Hirzbrunnen,Kindergarten,Eugen Wullschleger-Str. 32,,,Kindergarten,,Eugen Wullschleger-Str.,32,4058,Basel,+41 61 681 98 15,,http://schulen.edubs.ch/ps/hirzbrunnen/kindergaerten,,,2613094.289000/1268191.207000,47.564300557,7.61261722807,0.30000000000000004,0.2,0
"47.5684923897,7.6103502147","{""type"": ""Point"", ""coordinates"": [7.610350214700132, 47.56849238971936]}",Schoren,Kindergarten,Laufenburgerstrasse 5,,,Kindergarten,,Laufenburgerstrasse,5,4058,Basel,+41 61 681 38 33,,http://schulen.edubs.ch/ps/hirzbrunnen/kindergaerten,,,2612922.667000/1268656.918000,47.5684923897,7.6103502147,0.30000000000000004,0.30000000000000004,0
"47.5675627525,7.62545011062","{""type"": ""Point"", ""coordinates"": [7.625450110622286, 47.56756275252492]}",Hirzbrunnen,Kindergarten,Zu den Drei Linden 70,,,Kindergarten,,Zu den Drei Linden,70,4058,Basel,+41 61 606 33 83,,,,,2614059.183000/1268556.137000,47.5675627525,7.62545011062,0.0,0.4,0
"47.5783106937,7.58843567581","{""type"": ""Point"", ""coordinates"": [7.588435675805378, 47.57831069371719]}",Insel,Kindergarten,Ackerstrasse 18,,,Kindergarten,,Ackerstrasse,18,4057,Basel,+41 61 631 48 30,,,,,2611271.519000/1269745.246000,47.5783106937,7.58843567581,0.1,0.30000000000000004,0
"47.5806065138,7.5904941127","{""type"": ""Point"", ""coordinates"": [7.590494112696829, 47.58060651380917]}",Insel,Kindergarten,Giessliweg 63,,,Kindergarten,,Giessliweg,63,4057,Basel,+41 61 631 20 75,,,,,2611425.897000/1270000.813000,47.5806065138,7.5904941127,0.0,0.8,0
"47.569179171,7.56545881925","{""type"": ""Point"", ""coordinates"": [7.565458819247, 47.56917917098388]}",Isaak Iselin,Kindergarten,Gustav Wenk Strasse 42,,,Kindergarten,,Gustav Wenk Strasse,42,4055,Basel,+41 61 321 49 17,,,,,2609544.453000/1268726.890000,47.569179171,7.56545881925,0.0,0.1,0
"47.5636836023,7.56800399861","{""type"": ""Point"", ""coordinates"": [7.568003998605389, 47.56368360233363]}",Isaak Iselin,Kindergarten,Lützelstrasse 11,,,Kindergarten,,Lützelstrasse,11,4055,Basel,+41 61 321 94 90,,,,,2609736.977000/1268116.154000,47.5636836023,7.56800399861,0.5,0.4,0
"47.5631354381,7.57108820701","{""type"": ""Point"", ""coordinates"": [7.571088207010609, 47.56313543810008]}",Isaak Iselin,Kindergarten,Strassburgerallee 65,,,Kindergarten,,Strassburgerallee,65,4055,Basel,+41 61 385 94 64,,,,,2609969.188000/1268055.589000,47.5631354381,7.57108820701,0.4,1.5,2
"47.5812913665,7.59480779471","{""type"": ""Point"", ""coordinates"": [7.594807794713667, 47.581291366451744]}",Kleinhüningen,Kindergarten,Hochbergerstrasse 104,,,Kindergarten,,Hochbergerstrasse,104,4057,Basel,+41 61 631 20 25,,,,,2611750.278000/1270077.595000,47.5812913665,7.59480779471,0.0,0.4,0
"47.5428356752,7.58204767323","{""type"": ""Point"", ""coordinates"": [7.582047673231349, 47.54283567515757]}",Margarethen,Kindergarten,Gundeldingerstrasse 2,,,Kindergarten,,Gundeldingerstrasse,2,4053,Basel,+41 61 271 73 66,,,,,2610798.076000/1265799.932000,47.5428356752,7.58204767323,0.0,0.0,0
"47.5444506027,7.57898392212","{""type"": ""Point"", ""coordinates"": [7.578983922117392, 47.544450602714505]}",Margarethen,Kindergarten,Höhenweg 85,,,Kindergarten,,Höhenweg,85,4053,Basel,+41 61 272 26 60,,,,,2610567.097000/1265979.078000,47.5444506027,7.57898392212,0.0,1.0,2
"47.5442378533,7.59299829374","{""type"": ""Point"", ""coordinates"": [7.592998293738986, 47.54423785333049]}",Margarethen,Kindergarten,Zwingerstrasse 20,,,Kindergarten,,Zwingerstrasse,20,4053,Basel,+41 61 361 06 09,,,,,2611622.207000/1265957.393000,47.5442378533,7.59299829374,0.0,0.2,0
"47.5474981658,7.57190191138","{""type"": ""Point"", ""coordinates"": [7.571901911383409, 47.547498165829175]}",Neubad,Kindergarten,Bernerring 49,,,Kindergarten,,Bernerring,49,4054,Basel,+41 61 281 27 43,,,,,2610033.360000/1266317.007000,47.5474981658,7.57190191138,0.30000000000000004,0.5,0
"47.5487675784,7.56040853878","{""type"": ""Point"", ""coordinates"": [7.560408538775627, 47.54876757843546]}",Neubad,Kindergarten,General Guisan Strasse 182,,,Kindergarten,,General Guisan Strasse,182,4054,Basel,+41 61 301 17 55,,,,,2609167.920000/1266456.754000,47.5487675784,7.56040853878,0.4,0.4,0
"47.5471374233,7.56850769561","{""type"": ""Point"", ""coordinates"": [7.56850769561434, 47.547137423339606]}",Neubad,Kindergarten,Kaltbrunnen-Promenade 85,,,Kindergarten,,Kaltbrunnen-Promenade,85,4054,Basel,+41 61 208 51 61,,,,,2609777.909000/1266276.471000,47.5471374233,7.56850769561,0.1,1.0999999999999999,1
"47.5540173508,7.58454441802","{""type"": ""Point"", ""coordinates"": [7.584544418015112, 47.554017350752694]}",Peter,Kindergarten,Leonhardsstrasse 26,,,Kindergarten,,Leonhardsstrasse,26,4051,Basel,+41 61 271 33 54,,http://schulen.edubs.ch/ps/peter/kindergarten,,,2610983.749000/1267043.547000,47.5540173508,7.58454441802,0.2,1.0999999999999999,0
"47.5598598852,7.5862241655","{""type"": ""Point"", ""coordinates"": [7.586224165502368, 47.55985988521641]}",Peter,Kindergarten,Petersgasse 17,,,Kindergarten,,Petersgasse,17,4051,Basel,+41 61 261 13 78,,http://schulen.edubs.ch/ps/peter/kindergarten,,,2611108.970000/1267693.405000,47.5598598852,7.5862241655,0.0,0.7000000000000001,0
"47.5675465627,7.57848487493","{""type"": ""Point"", ""coordinates"": [7.578484874931238, 47.567546562690026]}",St. Johann,Kindergarten,Lothringerstrasse 38,,,Kindergarten,,Lothringerstrasse,38,4056,Basel,+41 61 321 06 04,,,,,2610524.977000/1268547.017000,47.5675465627,7.57848487493,0.6,1.9000000000000004,0
"47.5632552143,7.59339267908","{""type"": ""Point"", ""coordinates"": [7.593392679080997, 47.56325521434835]}",Theodor,Kindergarten,Claragraben 105,,,Kindergarten,,Claragraben,105,4058,Basel,+41 61 681 17 19,,,,,2611647.750000/1268071.961000,47.5632552143,7.59339267908,1.5000000000000002,1.0,0
"47.5638559517,7.59292283547","{""type"": ""Point"", ""coordinates"": [7.592922835465381, 47.56385595173452]}",Theodor,Kindergarten,Claragraben 117,,,Kindergarten,,Claragraben,117,4058,Basel,+41 61 691 08 07,,,,,2611612.260000/1268138.687000,47.5638559517,7.59292283547,1.0,0.4,0
"47.5586111957,7.60417168017","{""type"": ""Point"", ""coordinates"": [7.604171680165262, 47.55861119569645]}",Theodor,Kindergarten,Grenzacherstrasse 106,,,Kindergarten,,Grenzacherstrasse,106,4058,Basel,+41 61 691 29 18,,,,,2612460.037000/1267557.246000,47.5586111957,7.60417168017,1.1,1.7000000000000002,2
"47.5597990011,7.59520302122","{""type"": ""Point"", ""coordinates"": [7.595203021221085, 47.5597990011473]}",Theodor,Kindergarten,Rebgasse 38,,,Kindergarten,,Rebgasse,38,4058,Basel,+41 61 692 21 40,,,,,2611784.755000/1267687.938000,47.5597990011,7.59520302122,0.0,0.2,0
"47.5418596342,7.59567895191","{""type"": ""Point"", ""coordinates"": [7.595678951910998, 47.54185963417007]}",Thierstein,Kindergarten,Bärschwilerstrasse 11,,,Kindergarten,,Bärschwilerstrasse,11,4053,Basel,+41 61 208 51 86,,,,,2611824.546000/1265693.362000,47.5418596342,7.59567895191,0.0,1.0,0
"47.5660948692,7.60105967029","{""type"": ""Point"", ""coordinates"": [7.601059670288213, 47.5660948692325]}",Vogelsang,Kindergarten,Bleichestrasse 21,,,Kindergarten,,Bleichestrasse,21,4058,Basel,+41 61 691 14 30,,,,,2612224.100000/1268388.859000,47.5660948692,7.60105967029,0.0,1.0,0
"47.5678609501,7.57454791487","{""type"": ""Point"", ""coordinates"": [7.574547914873107, 47.56786095013293]}",Volta,Kindergarten,Im Davidsboden 6,,,Kindergarten,,Im Davidsboden,6,4056,Basel,+41 61 321 02 09,,,,,2610228.654000/1268581.456000,47.5678609501,7.57454791487,0.0,0.4,0
"47.5693085588,7.58066839524","{""type"": ""Point"", ""coordinates"": [7.580668395240691, 47.569308558791896]}",Volta,Kindergarten,Mülhauserstrasse 38,,,Kindergarten,,Mülhauserstrasse,38,4056,Basel,+41 61 321 16 80,,,,,2610688.938000/1268743.225000,47.5693085588,7.58066839524,0.0,0.4,0
"47.57111277,7.57648085764","{""type"": ""Point"", ""coordinates"": [7.576480857637983, 47.57111276997612]}",Lysbüchel,Kindergarten,Voltastrasse 80,,,Kindergarten,,Voltastrasse,80,4056,Basel,+41 61 321 17 69,,,,,2610373.479000/1268943.275000,47.57111277,7.57648085764,0.0,0.3,1
"47.56466764,7.5570996824","{""type"": ""Point"", ""coordinates"": [7.557099682398535, 47.56466763996884]}",Wasgenring,Kindergarten,Belforterstrasse 126a,,,Kindergarten,,Belforterstrasse,126a,4055,Basel,+41 61 382 86 50,,,,,2608916.185000/1268224.281000,47.56466764,7.5570996824,0.0,0.6,2
"47.5395943731,7.59842697999","{""type"": ""Point"", ""coordinates"": [7.598426979985542, 47.53959437312424]}",Brunnmatt,Kindergarten,Delsbergerallee 74,,,Kindergarten,,Delsbergerallee,74,4053,Basel,+41 61 331 09 49,,,,,2612031.950000/1265441.908000,47.5395943731,7.59842697999,0.0,0.0,0
"47.5686396856,7.60066966093","{""type"": ""Point"", ""coordinates"": [7.600669660930413, 47.56863968556819]}",Erlenmatt,Kindergarten,Erlenstrasse 45,,,Kindergarten,,Erlenstrasse,45,4058,Basel,+41 61 681 01 88,,,,,2612194.169000/1268671.754000,47.5686396856,7.60066966093,0.5,1.9000000000000001,0
"47.5619131847,7.57858941054","{""type"": ""Point"", ""coordinates"": [7.578589410538259, 47.56191318470061]}",St. Johann,Kindergarten,Hebelstrasse 75a,,,Kindergarten,,Hebelstrasse,75a,4056,Basel,+41 61 261 04 96,,,,,2610533.954000/1267920.662000,47.5619131847,7.57858941054,0.4,0.5,0
"47.5617383635,7.5636787716","{""type"": ""Point"", ""coordinates"": [7.563678771602197, 47.56173836346562]}",Isaak Iselin,Kindergarten,Blotzheimerstrasse 68,,,Kindergarten,,Blotzheimerstrasse,68,4055,Basel,+41 77 434 72 93,,,,,2609411.815000/1267899.341000,47.5617383635,7.5636787716,0.0,1.2000000000000002,1
"47.5789011935,7.58945904384","{""type"": ""Point"", ""coordinates"": [7.589459043843714, 47.578901193509935]}",Insel,Tagesstruktur,TS Ackermätteli,,,Leitung Tagesstruktur,,Rastatterstrasse,32,4057,Basel,+41 61 208 53 03,,,marie-therese.scherer@bs.ch,Bauprojekt_Schulraum_653.pdf,2611348.388000/1269811.050000,47.5789011935,7.58945904384,0.0,0.0,0
"47.5560731464,7.5912326671","{""type"": ""Point"", ""coordinates"": [7.591232667101702, 47.55607314636817]}",Münsterplatz,Tagesstruktur,Mensa Gym Münsterplatz,,,,,Münsterplatz,14,4051,Basel,,,,,,2611486.737000/1267273.080000,47.5560731464,7.5912326671,0.0,0.1,0
"47.5684244231,7.59273751371","{""type"": ""Point"", ""coordinates"": [7.592737513705871, 47.568424423061025]}",Bläsi,Tagesstruktur,TS Bläsi,,,Leitung Tagesstruktur,,Bläsiring,112,4057,Basel,+41 79 897 33 61,,,blaesi@+robi-spiel-aktionen.ch,,2611597.321000/1268646.623000,47.5684244231,7.59273751371,0.4,0.9,0
"47.5639165056,7.57091391936","{""type"": ""Point"", ""coordinates"": [7.570913919361181, 47.56391650555177]}",Isaak Iselin,Tagesstruktur,TS Isaak Iselin,,,Leitung Tagesstruktur,,Burgfelderstrasse,48b,4055,Basel,+41 79 964 84 19,,,j.staempfli@robi-spiel-aktionen.ch,,2609955.926000/1268142.413000,47.5639165056,7.57091391936,0.1,0.8999999999999999,2
"47.5432980564,7.58701064347","{""type"": ""Point"", ""coordinates"": [7.587010643474795, 47.54329805637355]}",Margarethen,Tagesstruktur,TS Gundeldingen,,,Leitung Tagesstruktur,,Sempacherstrasse,60,4053,Basel,+41 61 208 54 48,,,nicole.fuchs@bs.ch,,2611171.625000/1265852.034000,47.5432980564,7.58701064347,0.1,0.2,0
"47.5691117435,7.58005193383","{""type"": ""Point"", ""coordinates"": [7.580051933832939, 47.5691117434708]}",Volta,Tagesstruktur,TS Volta,,,Leitung Tagesstruktur,,Elsässerstrasse,34,4056,Basel,+41 61 322 45 93,,,rn@stadtmission-bs.ch,,2610642.589000/1268721.258000,47.5691117435,7.58005193383,0.1,1.3,1
"47.5540170794,7.58657214795","{""type"": ""Point"", ""coordinates"": [7.586572147949578, 47.554017079405604]}",Leonhard,Tagesstruktur,Mensa Gym Leonhard,,,,,Kanonengasse,10,4051,Basel,,,,,,2611136.378000/1267043.801000,47.5540170794,7.58657214795,0.0,0.8,0
"47.5497719406,7.59147818542","{""type"": ""Point"", ""coordinates"": [7.591478185417914, 47.54977194060077]}",De Wette,Tagesstruktur,TS DeWette,,,Leitung Tagesstruktur,,De Wette-Strasse,7,4051,Basel,+41 79 274 34 74,,,martin.pedersen@bs.ch,,2611506.574000/1266572.495000,47.5497719406,7.59147818542,0.3,0.3,0
"47.550357622,7.5922381241","{""type"": ""Point"", ""coordinates"": [7.592238124104408, 47.55035762204599]}",Kirschgarten,Tagesstruktur,Mensa Gym Kirschgarten,,,,,Hermann Kinkelin-Strasse,12,4051,Basel,,,,,,2611563.653000/1266637.727000,47.550357622,7.5922381241,0.2,0.9,0
"47.5477154663,7.56909159301","{""type"": ""Point"", ""coordinates"": [7.569091593014135, 47.547715466281204]}",Neubad,Tagesstruktur,TS Neubad,,,Leitung Tagesstruktur,,Kaltbrunnen-Promenade,95,4054,Basel,+41 61 208 51 28,,,moritz.kistenmacher@robi-spiel-aktionen.ch,,2609821.759000/1266340.815000,47.5477154663,7.56909159301,0.0,0.0,0
"47.5401979376,7.59489999702","{""type"": ""Point"", ""coordinates"": [7.594899997015455, 47.54019793757593]}",Thierstein,Tagesstruktur,TS Thierstein,,,Leitung Tagesstruktur,,J.J.Balmer-Strasse,9,4053,Basel,+41 61 208 51 83,,,stephan.stocker@bs.ch,,2611766.266000/1265508.485000,47.5401979376,7.59489999702,0.1,1.3000000000000003,0
"47.5634278593,7.60640146944","{""type"": ""Point"", ""coordinates"": [7.606401469435401, 47.56342785932665]}",Allgemeine Gewerbeschule,Tagesstruktur,Mensa AGS,,,,,Vogelsangstrasse,15,4058,Basel,,,,,,2612626.721000/1268093.159000,47.5634278593,7.60640146944,0.0,0.30000000000000004,0
"47.563214521,7.60765090245","{""type"": ""Point"", ""coordinates"": [7.607650902454409, 47.56321452102811]}",Vogelsang,Tagesstruktur,TS Vogelsang,,,Leitung Tagesstruktur,,Schwarzwaldallee,107,4058,Basel,+41 79 461 04 94,,,monika.burger@bs.ch,,2612720.801000/1268069.639000,47.563214521,7.60765090245,0.0,0.30000000000000004,0
"47.5684430638,7.62658006015","{""type"": ""Point"", ""coordinates"": [7.626580060146422, 47.56844306378458]}",Drei Linden,Tagesstruktur,TS Drei Linden,,,Leitung Tagesstruktur,,Zu den drei Linden,90,4058,Basel,+41 79 274 34 32,,,rolf.dobler@bs.ch,,2614143.980000/1268654.220000,47.5684430638,7.62658006015,0.0,0.0,0
"47.5673695995,7.62683767945","{""type"": ""Point"", ""coordinates"": [7.626837679446458, 47.56736959948539]}",Bäumlihof,Tagesstruktur,TS Bäumlihof,,,Tagessrukturleitung,,Zu den drei Linden,80,4058,Basel,+41 79 274 31 12,,,michele.schwab@bs.ch,Bauprojekt_Schulraum_3971.pdf,2614163.651000/1268534.909000,47.5673695995,7.62683767945,0.0,0.0,0
"47.5614715305,7.56168861292","{""type"": ""Point"", ""coordinates"": [7.561688612919879, 47.56147153047235]}",Wasgenring,Sekundarschule,Wasgenring Süd,,,Schulleitung,,Welschmattstrasse,30,4055,Basel,+41 61 385 90 20,+41 61 385 90 25,http://www.sek-wasgenring.ch,sek.wasgenring@bs.ch,Bauprojekt_Schulraum_616.pdf,2609262.082000/1267869.437000,47.5614715305,7.56168861292,0.0,0.0,0
"47.5659303252,7.58095137145","{""type"": ""Point"", ""coordinates"": [7.580951371446544, 47.565930325176105]}",Vogesen,Sekundarschule,Sek Vogesen,,,Sekretariat,,St. Johanns-Ring,17,4056,Basel,+41 61 385 95 50,+41 61 385 95 55,http://www.sek-vogesen.ch,sek.vogesen@bs.ch,Bauprojekt_Schulraum_643.pdf,2610710.909000/1268367.641000,47.5659303252,7.58095137145,0.1,0.5,0
"47.5698930626,7.58177602038","{""type"": ""Point"", ""coordinates"": [7.581776020377755, 47.56989306260534]}",Volta,Primarschule,Volta,,,Sekretariat,,Wasserstrasse,40,4056,Basel,+41 61 386 89 00,+41 61 386 89 05,http://schulen.edubs.ch/ps/volta,ps.volta@bs.ch,Bauprojekt_Schulraum_644.pdf,2610772.168000/1268808.366000,47.5698930626,7.58177602038,0.0,0.6000000000000001,0
"47.5698668386,7.58947290136","{""type"": ""Point"", ""coordinates"": [7.58947290136267, 47.569866838567684]}",Dreirosen,Primarschule,Dreirosen,,,Sekretariat,,Breisacherstrasse,134,4057,Basel,+41 61 208 50 80,,http://schulen.edubs.ch/ps/dreirosen,ps.dreirosen@bs.ch,Bauprojekt_Schulraum_646.pdf,2611351.351000/1268806.529000,47.5698668386,7.58947290136,0.0,0.3,0
"47.5719625668,7.59284052972","{""type"": ""Point"", ""coordinates"": [7.592840529722919, 47.571962566772925]}",Dreirosen,Primarschule,Horburg,,,Sekretariat,,Müllheimerstrasse,180,4057,Basel,+41 61 691 00 13,,http://schulen.edubs.ch/ps/dreirosen,ps.dreirosen@bs.ch,Bauprojekt_Schulraum_647.pdf,2611604.304000/1269040.041000,47.5719625668,7.59284052972,0.8,0.6,0
"47.5789184585,7.58950991967","{""type"": ""Point"", ""coordinates"": [7.589509919674975, 47.57891845847858]}",Sandgruben,Spezialangebot,Ackermätteli,,,Sekretariat,,Rastatterstrasse,32,4057,Basel,+41 79 757 28 95,+41 61 690 90 55,http://www.sek-sandgruben.ch,sek.sandgruben@bs.ch,Bauprojekt_Schulraum_3969.pdf,2611352.212000/1269812.977000,47.5789184585,7.58950991967,0.0,0.0,0
"47.5843026463,7.59198308243","{""type"": ""Point"", ""coordinates"": [7.591983082431272, 47.58430264628842]}",Kleinhüningen,Primarschule,Kleinhüningen,,,Sekretariat,,Dorfstrasse,51,4057,Basel,+41 61 208 53 30,,http://schulen.edubs.ch/ps/kleinhueningen,ps.kleinhueningen@bs.ch,Bauprojekt_Schulraum_652.pdf,2611537.118000/1270412.001000,47.5843026463,7.59198308243,0.0,0.1,0
"47.5614223438,7.59486595467","{""type"": ""Point"", ""coordinates"": [7.594865954674511, 47.56142234379102]}",Clara,Zentrum für Brückenangebote,ZBA-Clara,,,Sekretariat,,Claragraben,59,4058,Basel,+41 61 691 51 87,,,,,2611759.029000/1267868.385000,47.5614223438,7.59486595467,0.0,0.4,0
"47.559141677,7.59692034548","{""type"": ""Point"", ""coordinates"": [7.596920345481876, 47.55914167699677]}",Theodor,Primarschule,Theodor,,,Sekretariat,,Theodorskirchplatz,3,4058,Basel,+41 61 208 54 26,,http://schulen.edubs.ch/ps/theodor,ps.theodor@bs.ch,Bauprojekt_Schulraum_641.pdf,2611914.152000/1267615.109000,47.559141677,7.59692034548,0.1,1.4000000000000004,0
"47.5611829868,7.5963667824","{""type"": ""Point"", ""coordinates"": [7.596366782404545, 47.56118298678329]}",Theodor,Primarschule,Wettstein,,,Sekretariat,,Hammerstrasse,27,4058,Basel,+41 61 208 56 31,,http://schulen.edubs.ch/ps/theodor,ps.theodor@bs.ch,Bauprojekt_Schulraum_639.pdf,2611872.035000/1267841.996000,47.5611829868,7.5963667824,0.0,0.4,0
"47.5637217303,7.60549255148","{""type"": ""Point"", ""coordinates"": [7.605492551476027, 47.56372173028146]}",Sandgruben,Allgemeine Gewerbeschule,Allgemeine Gewerbeschule,,,Sekretariat,,Vogelsangstrasse,15,4058,Basel,+41 61 695 61 11,,,,,2612558.249000/1268125.689000,47.5637217303,7.60549255148,0.0,0.0,0
"47.5674385565,7.62651886034","{""type"": ""Point"", ""coordinates"": [7.626518860343984, 47.56743855651904]}",Bäumlihof,Gymnasium,Gymnasium Bäumlihof,,,Sekretariat,,Zu den drei Linden,80,4058,Basel,+41 61 208 58 00,,,,Bauprojekt_Schulraum_656.pdf,2614139.641000/1268542.519000,47.5674385565,7.62651886034,0.0,0.0,0
"47.5470582284,7.60355739752","{""type"": ""Point"", ""coordinates"": [7.603557397516262, 47.54705822835196]}",Luftmatt,Gymnasium,Wirtschaftsgymnasium,,,Sekretariat,,Andreas Heusler-Strasse,41,4052,Basel,+41 61 375 92 00,,,wginfo@edubs.ch,Bauprojekt_Schulraum_623.pdf,2612416.490000/1266272.594000,47.5470582284,7.60355739752,0.0,0.0,0
"47.5537121514,7.60180156518","{""type"": ""Point"", ""coordinates"": [7.60180156517885, 47.5537121513906]}",Letzi,Zentrum für Brückenangebote,Letzi,,,Sekretariat,,St. Alban-Vorstadt,95,4052,Basel,+41 61 271 15 59,,,letzi.zba@edubs.ch,,2612282.779000/1267012.157000,47.5537121514,7.60180156518,0.0,1.1,0
"47.5498288302,7.59156415157","{""type"": ""Point"", ""coordinates"": [7.591564151570947, 47.54982883024361]}",De Wette,Sekundarschule,Sekundarschule De Wette,,,Sekretariat,,De Wette-Strasse,7,4051,Basel,+41 61 208 55 00,,http://www.sek-dewette.ch,sek.dewette@bs.ch,Bauprojekt_Schulraum_626.pdf,2611513.033000/1266578.833000,47.5498288302,7.59156415157,0.0,0.3,0
"47.5506002929,7.59196389921","{""type"": ""Point"", ""coordinates"": [7.591963899214345, 47.55060029293622]}",Kirschgarten,Gymnasium,Gymnasium Kirschgarten,,,Sekretariat,,Hermann Kinkelin-Strasse,10,4051,Basel,+41 61 208 57 00,,,,Bauprojekt_Schulraum_627.pdf,2611542.958000/1266664.669000,47.5506002929,7.59196389921,0.1,0.4,0
"47.5541808931,7.58722134088","{""type"": ""Point"", ""coordinates"": [7.587221340877652, 47.5541808930986]}",Leonhard,Gymnasium,Gymnasium Leonhard,,,Sekretariat,,Kohlenberg,17,4051,Basel,+41 61 267 55 33,,,gymnasium.leonhard@bs.ch,Bauprojekt_Schulraum_630.pdf,2611185.209000/1267062.107000,47.5541808931,7.58722134088,0.30000000000000004,1.0,0
"47.556072288,7.59120820536","{""type"": ""Point"", ""coordinates"": [7.591208205357334, 47.55607228801471]}",Münsterplatz,Gymnasium,Gymnasium Münsterplatz,,,Sekretariat,,Münsterplatz,15,4051,Basel,+41 61 267 88 70,,,gymnasium.muensterplatz@bs.ch,Bauprojekt_Schulraum_634.pdf,2611484.896000/1267272.981000,47.556072288,7.59120820536,0.0,0.1,0
"47.5669969195,7.62431048984","{""type"": ""Point"", ""coordinates"": [7.624310489835669, 47.566996919499374]}",Hirzbrunnen,Primarschule,Hirzbrunnen,,,Sekretariat,,Zu den drei Linden,70,4058,Basel,+41 61 208 57 50,,http://schulen.edubs.ch/ps/hirzbrunnen,ps.hirzbrunnen@bs.ch,Bauprojekt_Schulraum_657.pdf,2613973.573000/1268493.020000,47.5669969195,7.62431048984,0.0,0.0,0
"47.5672567761,7.62661330049","{""type"": ""Point"", ""coordinates"": [7.626613300491354, 47.56725677613699]}",Bäumlihof,Sekundarschule,Sek Bäumlihof,,,Sekretariat,,Zu den drei Linden,80,4058,Basel,+41 61 208 58 50,+41 61 208 58 58,http://www.sek-baeumlihof.ch,sek.baeumlihof@bs.ch,Bauprojekt_Schulraum_3971.pdf,2614146.796000/1268522.324000,47.5672567761,7.62661330049,0.0,0.0,0
"47.5710630912,7.63466275108","{""type"": ""Point"", ""coordinates"": [7.634662751078106, 47.571063091160426]}",Niederholz,Zentrum für Brückenangebote,ZBA-Niederholz,,,Sekretariat,,Niederholzstrasse,95,4125,Riehen,,,,stefan.martin@bs.ch,Bauprojekt_Schulraum_659.pdf,2614751.480000/1268947.020000,47.5710630912,7.63466275108,0.0,0.2,0
"47.5522426751,7.58385539828","{""type"": ""Point"", ""coordinates"": [7.583855398283516, 47.55224267508817]}",Peter,Kindergarten,Holbeinstrasse 54,,,Kindergarten,,Holbeinstrasse,54,4051,Basel,,,http://schulen.edubs.ch/ps/peter/kindergarten,,,2610932.249000/1266846.128000,47.5522426751,7.58385539828,0.6,1.4000000000000001,0
"47.5713925931,7.60270020806","{""type"": ""Point"", ""coordinates"": [7.602700208057652, 47.57139259305267]}",Erlenmatt,Kindergarten,Signalstrasse 29,,,Kindergarten,,Signalstrasse,29,4057,Basel,,,,,,2612346.331000/1268978.163000,47.5713925931,7.60270020806,0.0,0.0,1
"47.5397749706,7.59689707221","{""type"": ""Point"", ""coordinates"": [7.596897072209826, 47.539774970648665]}",,Zentrum für Brückenangebote,ZBA-Gundeldingen,Ulrike,Sotriffer,Standortleiterin,,Thiersteinerallee,57,4053,Basel,+41 61 208 54 54,,www.zba-basel.ch,ulrike.sotriffer@edubs.ch,,2611916.721000/1265461.756000,47.5397749706,7.59689707221,0.0,0.3,1
"47.5504514669,7.56395374232","{""type"": ""Point"", ""coordinates"": [7.563953742324967, 47.55045146686082]}",,Spielgruppe mit früher Deutschförderung,Spitzwald / Neubad,Cornelia,Steuri,,,Oberalpstrasse,73,4054,Basel,+41 61 302 13 54,,,cornelia.steuri@waldkinderbasel.ch,,2609434.500000/1266644.400000,47.5504514669,7.56395374232,0.4,0.4,0
"47.5558834015,7.61432240497","{""type"": ""Point"", ""coordinates"": [7.61432240497261, 47.555883401486625]}",,Spielgruppe mit früher Deutschförderung,Seifiblootere,Theres,Hammel,,,Zürcherstrasse,149,4052,Basel,+41 76 585 40 13,,www.seifiblootereab3.ch/,seifiblootereab3@yahoo.de,,2613224.700000/1267255.600000,47.5558834015,7.61432240497,0.3,2.0,2
"47.5490100718,7.56533855333","{""type"": ""Point"", ""coordinates"": [7.565338553328161, 47.549010071757294]}",,Spielgruppe mit früher Deutschförderung,Gartespatze,Nicole,Meneghin,,,Reiterstrasse,16,4054,Basel,+41 76 419 86 94,,,n_mene@gmx.ch,,2609539.000000/1266484.300000,47.5490100718,7.56533855333,0.0,0.4,0
"47.5672744371,7.61098857705","{""type"": ""Point"", ""coordinates"": [7.610988577047868, 47.56727443708161]}",,Spielgruppe mit früher Deutschförderung,ELCH,Barbara,Wietlisbach,,,"Ecke Riehenstrasse / im Surinam, Bau 6, 1. Stock",36,4058,Basel,+41 61 601 20 21,,www.qtp-basel.ch/elch,kuba.wietlisbach@bluewin.ch,,2612971.000000/1268521.600000,47.5672744371,7.61098857705,1.3,1.3,2
"47.5824265616,7.59266600352","{""type"": ""Point"", ""coordinates"": [7.592666003518176, 47.58242656159362]}",,Spielgruppe mit früher Deutschförderung,Marienkäfer Nuni,Nurhan,Gülden,,,Dorfstrasse,14,4057,Basel,+41 76 579 54 61,,www.spielgruppemarienkaefer.ch,nurhan.guelden@gmx.ch,,2611588.900000/1270203.500000,47.5824265616,7.59266600352,0.4,0.5,0
"47.558651176,7.57274471245","{""type"": ""Point"", ""coordinates"": [7.572744712449823, 47.55865117602496]}",,Spielgruppe mit früher Deutschförderung,Zum Burzelbaum,Nicole,Pretti,,,Schlettstadterstrasse,33,4055,Basel,+41 61 381 04 07,,,info@burzelbaum.ch,,2610094.700000/1267557.200000,47.558651176,7.57274471245,0.0,0.1,0
"47.5670266727,7.59670915453","{""type"": ""Point"", ""coordinates"": [7.596709154527509, 47.56702667272939]}",,Spielgruppe mit früher Deutschförderung,Riehenring,Susanne,Zurbrügg,,,Riehenring,129,4058,Basel,+41 79 554 55 14,,,wiesefroeschli@gmail.com,,2611896.500000/1268491.800000,47.5670266727,7.59670915453,0.1,1.2,1
"47.5598368857,7.57631519606","{""type"": ""Point"", ""coordinates"": [7.576315196055121, 47.55983688572963]}",,Spielgruppe mit früher Deutschförderung,Plappergarten,Regula,Humpierre,,,Missionsstrasse,37A,4055,Basel,+41 79 527 39 59,,www.spielgruppe-plappergarten.net,r.humpierre@bluewin.ch,,2610363.200000/1267689.500000,47.5598368857,7.57631519606,0.0,0.3,0
"47.5589871322,7.56588302861","{""type"": ""Point"", ""coordinates"": [7.565883028609226, 47.55898713221756]}",,Spielgruppe mit früher Deutschförderung,Pinocchio,Anne-Marie,Wicky-Borner,,,Bündnerstrasse,63,4055,Basel,+41 78 647 43 37,,www.wald-spielgruppe-pinocchio.ch,awickyborner@yahoo.de,,2609578.200000/1267593.700000,47.5589871322,7.56588302861,0.0,0.8999999999999999,0
"47.5926021248,7.65336461074","{""type"": ""Point"", ""coordinates"": [7.653364610736144, 47.592602124781195]}",,Spielgruppe mit früher Deutschförderung,Waldspielgruppe Troll,Marina,Aebersold,,,Lörracherstrasse,95,4125,Riehen,+41 61 641 20 83,,,martina.aebersold@gmx.ch,,2616152.200000/1271345.600000,47.5926021248,7.65336461074,0.7,1.7,1
"47.569106759,7.58796043067","{""type"": ""Point"", ""coordinates"": [7.587960430674753, 47.56910675899537]}",,Spielgruppe mit früher Deutschförderung,Wiesefröschli,Susanne,Zurbrügg,,,Andlauerstrasse,14,4057,Basel,+41 79 554 55 14,,,wiesefroeschli@gmail.com,,2611237.700000/1268721.800000,47.569106759,7.58796043067,0.4,0.8,0
"47.565842804,7.57865081126","{""type"": ""Point"", ""coordinates"": [7.578650811257218, 47.56584280404474]}",,Spielgruppe mit früher Deutschförderung,St. Johann,Ildiko,Kriemler,,,Vogesenstrasse,19,4056,Basel,+41 61 322 01 10,,www.spielgruppe-stjohann.ch/,spielgruppe-stjohann@bluewin.ch,,2610537.800000/1268357.600000,47.565842804,7.57865081126,0.0,0.30000000000000004,0
